rank,icao,n_gt_dep,n_detected_dep,detection_pct_dep,n_capture_excluded_dep,measured_pct_dep,taxi_out_median_s,dep_max_gap_median_s,off_s_p10,off_s_p25,off_s_p50,off_s_p75,off_s_p90,dep_reach_p10,dep_reach_p25,dep_reach_p50,dep_reach_p75,dep_reach_p90,dep_continuity_p10,dep_continuity_p25,dep_continuity_p50,dep_continuity_p75,dep_continuity_p90,dep_signal_p10,dep_signal_p25,dep_signal_p50,dep_signal_p75,dep_signal_p90,off_abs_p50,off_abs_p90,dep_no_ground_pct,dep_full_capture_pct,clean_pct_dep,fragmented_pct_dep,merged_pct_dep,n_gt_arr,n_detected_arr,detection_pct_arr,n_capture_excluded_arr,measured_pct_arr,taxi_in_median_s,arr_max_gap_median_s,land_s_p10,land_s_p25,land_s_p50,land_s_p75,land_s_p90,arr_reach_p10,arr_reach_p25,arr_reach_p50,arr_reach_p75,arr_reach_p90,arr_continuity_p10,arr_continuity_p25,arr_continuity_p50,arr_continuity_p75,arr_continuity_p90,arr_signal_p10,arr_signal_p25,arr_signal_p50,arr_signal_p75,arr_signal_p90,land_abs_p50,land_abs_p90,arr_no_ground_pct,arr_full_capture_pct,clean_pct_arr,fragmented_pct_arr,merged_pct_arr,measured_pct,t_source,n_gt,detection_pct,coverage_index,name,lat,lon,measured
1,EBBR,843.0,843.0,100.0,0.0,100.0,660.0,5.0,-1195.0,-920.0,-715.0,-570.0,-310.99999999999966,0.534074074074074,0.9654820261437909,1.0416666666666667,1.1694444444444445,1.5637566137566141,0.9444444444444444,1.0,1.0,1.0,1.0,0.9237373737373737,0.9704131652661064,1.0,1.0,1.0,770.0,1758.0000000000007,8.303677342823251,83.7485172004745,88.61209964412811,10.913404507710558,0.4744958481613286,802.0,799.0,99.62593516209476,0.0,99.75062344139651,300.0,5.0,485.0,580.0,670.0,770.0,956.0000000000002,1.4462121212121213,1.7756696428571428,2.0416666666666665,2.4583333333333335,3.0555555555555554,1.0,1.0,1.0,1.0,1.0,0.9919191919191919,1.0,1.0,1.0,1.0,690.0,1260.0000000000023,5.506883604505632,99.24812030075188,88.02992518703242,11.221945137157107,0.3740648379052369,100.0,apdf,843.0,99.81296758104739,0.9981296758104738,Brussels Airport,50.901402,4.48444,yes
2,LSZH,1187.0,1185.0,99.83150800336983,0.0,99.07329401853411,717.0,5.0,-2903.6,-1102.0,-791.0,-614.0,-272.5999999999988,0.4751313919012229,0.9662698412698413,1.0354938271604939,1.533532041728763,3.7842038216560563,0.9375,1.0,1.0,1.0,1.0,0.9214124800569704,0.9722222222222222,0.995575221238938,1.0,1.002681425231139,846.0,3010.0000000000045,9.113924050632912,86.07594936708861,85.00421229991575,13.732097725358045,1.0951979780960404,1178.0,1176.0,99.830220713073,0.0,99.9151103565365,315.0,5.0,208.5,522.75,603.0,712.25,969.0,0.7634746656023251,1.6139569346156173,1.9233226837060702,2.2999854969996916,2.8605538588243378,1.0,1.0,1.0,1.0,1.0,0.9879032258064516,0.9936402976623797,1.0,1.0037174721189592,1.0087719298245614,643.0,1406.0,9.77891156462585,99.14893617021276,84.63497453310696,14.091680814940577,1.1035653650254669,99.9151103565365,apdf,1187.0,99.83086435822142,0.9960999961406606,Zürich Airport,47.458056,8.548056,yes
3,EICK,122.0,122.0,100.0,0.0,100.0,540.0,5.0,-754.5,-657.5,-550.0,-455.0,-251.9999999999999,0.9025925925925926,0.982905982905983,1.0555555555555556,1.1791666666666667,1.3665178571428573,0.9301587301587302,1.0,1.0,1.0,1.0,0.8866666666666667,0.9698322510822511,1.0,1.0,1.0,562.5,936.0000000000002,4.918032786885246,82.78688524590164,87.70491803278688,8.19672131147541,4.098360655737705,120.0,119.0,99.16666666666667,0.0,100.0,240.0,5.0,465.0,510.0,590.0,660.0,2058.0,1.9666666666666668,2.325,2.8055555555555554,4.0,8.575,1.0,1.0,1.0,1.0,1.0,1.0,1.0,1.0,1.0,1.0,595.0,2149.0000000000005,3.361344537815126,99.15966386554622,84.16666666666667,11.666666666666666,3.3333333333333335,100.0,apdf,122.0,99.58333333333334,0.9958333333333335,Cork International Airport,51.841301,-8.49111,yes
4,EFHK,631.0,625.0,99.04912836767036,0.0,100.0,480.0,5.0,-750.0,-595.0,-435.0,-275.0,4143.000000000002,-6.1197479505689465,0.8776595744680851,1.0042735042735043,1.0740291262135921,1.1947589098532494,0.7107142857142857,0.9333333333333333,1.0,1.0,1.0,0.6760366998988585,0.9252669039145907,0.9883720930232558,0.9957627118644067,1.0,495.0,4604.000000000002,11.84,69.44,77.17908082408874,20.126782884310618,1.7432646592709984,622.0,617.0,99.19614147909968,0.0,100.0,232.0,5.0,271.0000000000001,455.0,530.0,640.0,836.9999999999999,1.1127431254191817,1.6624040920716112,2.1561338289962824,2.8980891719745223,4.254551820728291,1.0,1.0,1.0,1.0,1.0,1.0,1.0,1.0062893081761006,1.0130718954248366,1.0201035638135851,560.0,2273.999999999998,8.427876823338735,98.86547811993518,78.93890675241157,18.488745980707396,1.7684887459807075,100.0,apdf,631.0,99.12263492338502,0.9885804693342571,Helsinki Vantaa Airport,60.318363,24.963341,yes
5,LEIB,516.0,510.0,98.83720930232558,0.0,99.6124031007752,498.0,5.0,-1526.4999999999998,-905.5,-697.5,-544.5,-337.0,0.8821447380649958,1.0245359083665881,1.349462365591398,1.8721934045005764,3.418751784462845,0.9126482213438735,1.0,1.0,1.0,1.0,0.8919097999174469,0.9895833333333333,1.0023939690890025,1.0058737151248165,1.0097881657570593,705.5,1681.2000000000016,2.7450980392156863,84.50980392156863,91.27906976744185,6.395348837209302,1.1627906976744187,515.0,511.0,99.22330097087378,0.0,99.80582524271846,184.5,5.0,453.0,498.0,549.0,603.5,815.0,1.9332749798007003,2.3457941354458933,2.8421052631578947,3.990847734942223,8.84370922646785,0.875,1.0,1.0,1.0,1.0,0.9689922480620154,0.9805094286518437,0.9876543209876544,0.9945865264658705,1.0,551.0,891.0,0.9784735812133072,96.27450980392157,91.6504854368932,6.601941747572815,0.970873786407767,99.80582524271846,apdf,516.0,99.03025513659968,0.9853749495022261,Ibiza Airport,38.872898,1.37312,yes
6,EDDS,373.0,368.0,98.65951742627345,0.0,100.0,700.0,10.0,-1556.3999999999999,-925.0,-718.5,-530.5,414.5000000000004,-0.5787493442830526,0.8902636644116732,0.9869175351232953,1.3937958610410457,2.383792938169037,0.8947368421052632,0.9411764705882353,1.0,1.0,1.0,0.872387544351222,0.9271375415164378,0.9947643979057592,1.0020988110446871,1.0049110272962454,745.0,1835.2000000000003,12.5,68.75,84.71849865951742,12.868632707774799,1.0723860589812333,383.0,378.0,98.69451697127937,0.0,100.0,317.0,5.0,-705.6999999999999,491.0,597.5,721.0,852.9000000000001,-1.7961076739523498,1.5871973647281268,1.8745383013675698,2.397285067873303,3.2370909090909104,1.0,1.0,1.0,1.0,1.0,0.9859154929577465,0.9933774834437087,1.0,1.0041626654777418,1.008166169693684,647.0,1073.8000000000002,13.756613756613756,98.94179894179894,81.20104438642298,16.449086161879894,1.0443864229765014,100.0,apdf,383.0,98.67701719877641,0.9841870039982673,Stuttgart Airport,48.689899,9.22196,yes
7,LFLL,373.0,373.0,100.0,0.0,98.65951742627345,540.0,25.0,-824.0,-660.0,-540.0,-445.0,-300.99999999999994,0.5016666666666667,0.8809523809523809,0.9583333333333334,1.0595238095238095,1.6666666666666667,0.5600000000000002,0.9090909090909091,1.0,1.0,1.0,0.5450000000000002,0.8796296296296297,0.9523809523809523,1.0,1.0,545.0,849.0,1.3404825737265416,51.206434316353885,96.51474530831099,2.9490616621983916,0.5361930294906166,372.0,372.0,100.0,0.0,100.0,300.0,5.0,530.0,585.0,655.0,720.0,840.0,1.6489583333333333,1.8869047619047619,2.1166666666666667,2.3833333333333333,2.998333333333334,1.0,1.0,1.0,1.0,1.0,1.0,1.0,1.0,1.0,1.0,660.0,875.0,1.3440860215053763,99.46236559139786,92.74193548387096,6.451612903225806,0.8064516129032258,100.0,apdf,373.0,100.0,0.9761904761904762,Lyon Saint-Exupéry Airport,45.725996,5.090139,yes
8,LHBP,607.0,605.0,99.67051070840198,0.0,99.67051070840198,655.0,30.0,-1092.0,-765.0,-630.0,-535.0,-363.9999999999998,0.7359290880417642,0.8928571428571429,0.9585492227979274,1.0729312762973353,1.704886685552408,0.85,0.9090909090909091,0.9583333333333334,1.0,1.0,0.8242644724447151,0.8935611038107754,0.9527687296416938,0.9939759036144579,0.9982453208556149,650.0,1499.0000000000014,5.454545454545454,50.90909090909091,83.36079077429983,14.168039538714991,2.1416803953871497,613.0,610.0,99.51060358890702,0.0,99.836867862969,254.5,5.0,355.0,480.0,540.0,645.0,871.5000000000003,1.293354726567723,1.8,2.1405750798722045,2.5336322869955157,3.169645262685227,1.0,1.0,1.0,1.0,1.0,1.0,1.0,1.0049627791563276,1.010928961748634,1.015247875216368,565.0,2170.0,7.049180327868853,98.52216748768473,82.54486133768353,14.845024469820554,2.1207177814029365,99.836867862969,apdf,613.0,99.5905571486545,0.9748578585433547,Budapest Liszt Ferenc International Airport,47.43018,19.262393,yes
9,LFPO,966.0,964.0,99.79296066252589,1.0,100.0,660.0,35.0,-1125.0,-830.0,-670.0,-550.0,-440.0,0.7305555555555555,0.9027777777777778,0.9537037037037037,1.0623543123543122,1.3847222222222224,0.8333333333333334,0.9166666666666666,0.9642857142857143,1.0,1.0,0.816017316017316,0.9027777777777778,0.95,1.0,1.0,685.0,1375.5000000000007,4.771784232365145,50.571131879543096,94.92753623188406,4.658385093167702,0.2070393374741201,969.0,963.0,99.38080495356037,0.0,100.0,300.0,5.0,520.0,575.0,650.0,737.5,894.0000000000003,1.5567251461988305,1.8591269841269842,2.1666666666666665,2.5083333333333333,3.0,1.0,1.0,1.0,1.0,1.0,1.0,1.0,1.0,1.0,1.0,650.0,930.0,1.0384215991692627,98.85773624091381,95.76883384932921,3.4055727554179565,0.20639834881320948,100.0,apdf,969.0,99.58688280804313,0.9709721073784205,Paris-Orly Airport,48.729499,2.358963,yes
10,LPFR,398.0,398.0,100.0,0.0,99.74874371859298,576.0,40.0,-853.0,-660.0,-517.5,-260.0,-121.99999999999989,0.22708333333333333,0.47684369202226345,0.9545454545454546,1.0267837708414957,1.254026369168358,0.2833333333333333,0.5,0.9486842105263158,1.0,1.0,0.2588469669865019,0.47556818181818183,0.9372539370078741,0.991081742670114,1.0,525.0,911.5,3.5175879396984926,46.733668341708544,94.22110552763819,4.773869346733668,1.0050251256281406,397.0,397.0,100.0,0.0,100.0,300.0,5.0,435.0,510.0,565.0,610.0,690.0,1.3472222222222223,1.5833333333333333,1.900958466453674,2.1645021645021645,2.536373276776246,1.0,1.0,1.0,1.0,1.0,1.0,1.0,1.0,1.0043668122270744,1.0119047619047619,565.0,710.0,1.2594458438287153,98.48866498740554,91.183879093199,7.8085642317380355,1.0075566750629723,100.0,apdf,398.0,100.0,0.968626968503937,Faro - Gago Coutinho International Airport,37.015909,-7.970939,yes
11,ESSA,888.0,866.0,97.52252252252252,0.0,100.0,600.0,5.0,-985.0,-750.0,-602.5,-485.0,-340.0,0.7916666666666666,0.9539141414141414,1.0,1.0833333333333333,1.296957671957672,0.9330357142857143,1.0,1.0,1.0,1.0,0.9078703703703703,0.9612179487179487,0.9930555555555556,1.0,1.0,632.5,1887.5,7.043879907621247,79.33025404157044,86.14864864864865,10.81081081081081,0.5630630630630631,883.0,854.0,96.71574178935447,0.0,100.0,420.0,5.0,490.0,595.0,750.0,865.0,1023.5000000000002,1.357979797979798,1.625,1.8452380952380953,2.375,3.0145833333333343,1.0,1.0,1.0,1.0,1.0,0.9924242424242424,1.0,1.0,1.0,1.0,777.5,1538.5000000000025,5.152224824355972,99.41451990632318,84.71121177802945,11.211778029445073,0.7927519818799547,100.0,apdf,888.0,97.1191321559385,0.9678191294706372,Stockholm-Arlanda Airport,59.64849,17.928829,yes
12,ENVA,199.0,198.0,99.49748743718592,7.0,100.0,420.0,25.0,-5017.499999999999,-570.0,-427.5,-305.0,-170.49999999999983,0.7222222222222222,0.8707912457912458,0.9621212121212122,1.1024305555555556,11.229166666666666,0.75,0.8867521367521367,1.0,1.0,1.0,0.7361111111111112,0.8628472222222223,0.9444444444444444,1.0,1.0,432.5,5017.500000000002,1.0101010101010102,48.69109947643979,83.41708542713567,1.0050251256281406,15.075376884422111,200.0,199.0,99.5,0.0,99.5,180.0,5.0,413.0,460.0,555.0,1605.0,5049.000000000003,1.9722222222222223,2.5208333333333335,3.25,9.947916666666666,28.877777777777784,1.0,1.0,1.0,1.0,1.0,1.0,1.0,1.0,1.0,1.0,555.0,5183.000000000002,1.0050251256281406,98.48484848484848,83.0,3.5,13.0,100.0,apdf,200.0,99.49874371859296,0.9673488972640982,"Trondheim Airport, Værnes",63.457802,10.924,yes
13,LOWW,1070.0,1068.0,99.81308411214954,0.0,99.7196261682243,540.0,30.0,-810.0,-640.0,-485.0,-340.0,-215.0,0.43462962962962964,0.7916666666666666,0.9506944444444444,1.037037037037037,1.4833333333333334,0.5,0.8333333333333334,0.9615384615384616,1.0,1.0,0.4878205128205128,0.8055555555555556,0.9355413105413106,1.0,1.0,512.5,943.0000000000007,4.868913857677903,45.2247191011236,88.69158878504673,10.373831775700934,0.7476635514018691,1057.0,1055.0,99.81078524124882,0.0,100.0,300.0,5.0,462.0,535.0,610.0,700.0,838.0000000000001,1.2308333333333334,1.5734953703703705,1.8611111111111112,2.3125,3.0,1.0,1.0,1.0,1.0,1.0,0.9880952380952381,1.0,1.0,1.0,1.0,625.0,933.0000000000001,4.170616113744076,95.73459715639811,88.93093661305582,9.933774834437086,0.9460737937559129,100.0,apdf,1070.0,99.81193467669918,0.9659506142590101,Vienna International Airport,48.110298,16.5697,yes
14,LKPR,667.0,663.0,99.40029985007496,0.0,99.10044977511244,720.0,35.0,-1184.0,-825.0,-635.0,-432.5,-255.0,0.45916666666666667,0.6582924836601307,0.9444444444444444,1.070855614973262,1.7481481481481487,0.5244318181818182,0.6961538461538461,0.9583333333333334,1.0,1.0,0.506043956043956,0.6753565062388591,0.9404761904761905,1.0,1.0,645.0,1391.0000000000032,4.374057315233785,47.51131221719457,90.55472263868066,7.646176911544228,1.199400299850075,670.0,663.0,98.95522388059702,0.0,99.1044776119403,240.0,5.0,446.0,525.0,575.0,642.5,763.0000000000007,1.4861111111111112,1.8111111111111111,2.1875,2.75,3.577777777777783,1.0,1.0,1.0,1.0,1.0,1.0,1.0,1.0,1.0,1.0,585.0,844.0000000000003,3.770739064856712,97.42033383915023,89.1044776119403,8.955223880597014,0.8955223880597015,99.1044776119403,apdf,670.0,99.17776186533598,0.9622604276220098,Václav Havel Airport Prague,50.100874,14.259911,yes
15,EDDP,233.0,233.0,100.0,0.0,97.85407725321889,840.0,60.0,-1017.0,-845.0,-720.0,-600.0,-290.99999999999994,0.38919753086419756,0.796875,0.9222222222222223,0.9930555555555556,1.201666666666667,0.5972222222222223,0.8461538461538461,0.9375,1.0,1.0,0.5743464052287582,0.8333333333333334,0.921875,0.9833333333333333,1.0,735.0,1333.0,6.008583690987124,38.62660944206009,79.39914163090128,20.600858369098713,0.0,218.0,218.0,100.0,0.0,100.0,360.0,5.0,415.0,591.25,695.0,785.0,1001.5,1.1323717948717948,1.5925595238095238,1.9666666666666666,2.3333333333333335,2.7000000000000006,1.0,1.0,1.0,1.0,1.0,0.9870833333333334,1.0,1.0,1.0,1.0,715.0,1546.0000000000002,7.339449541284404,96.78899082568807,78.89908256880734,21.10091743119266,0.0,100.0,apdf,233.0,100.0,0.9609375,Leipzig/Halle Airport,51.420657,12.232705,yes
16,LPPT,970.0,970.0,100.0,0.0,99.58762886597938,840.0,60.0,-1120.5,-945.0,-795.0,-645.0,-480.0,0.6058333333333334,0.8869922969187675,0.9464285714285714,0.9924242424242424,1.0513621794871795,0.5950892857142858,0.85,0.9444444444444444,1.0,1.0,0.5833333333333334,0.8282015931372549,0.9230769230769231,0.9742588141025641,1.0,802.5,1150.5,2.6804123711340204,37.628865979381445,92.78350515463917,7.010309278350515,0.20618556701030927,981.0,978.0,99.69418960244649,0.0,99.89806320081549,360.0,5.0,525.0,580.0,650.0,718.75,841.5000000000003,1.376107226107226,1.6785714285714286,1.9166666666666667,2.2,2.4583333333333335,1.0,1.0,1.0,1.0,1.0,0.9895833333333334,1.0,1.0,1.0,1.0,655.0,901.5000000000003,2.2494887525562373,97.95501022494888,91.74311926605505,7.747196738022426,0.2038735983690112,99.89806320081549,apdf,981.0,99.84709480122325,0.9600682192425313,Lisbon Humberto Delgado Airport,38.7813,-9.13592,yes
17,EGGD,373.0,373.0,100.0,0.0,99.19571045576407,668.0,52.0,-950.0,-725.0,-585.0,-395.0,1253.0000000000005,-1.8465428276573788,0.6624888093106536,0.9084302325581395,0.9624145785876993,1.0297979797979797,0.7028571428571428,0.88,0.9444444444444444,1.0,1.0,0.6985106382978723,0.8636363636363636,0.9166666666666666,0.964765100671141,0.9989286199359366,670.0,2133.000000000001,19.571045576407506,31.367292225201073,75.06702412868633,22.5201072386059,2.4128686327077746,370.0,370.0,100.0,0.0,100.0,300.0,5.0,-1406.0,456.25,585.0,640.0,735.5000000000001,-5.272083333333335,1.1338562753036436,1.845741952032833,2.3541666666666665,2.947222222222223,1.0,1.0,1.0,1.0,1.0,0.9895107938718664,1.0,1.0,1.0035058969735369,1.009324060303852,620.0,1869.000000000001,18.37837837837838,95.13513513513513,78.64864864864865,19.18918918918919,2.1621621621621623,100.0,apdf,373.0,100.0,0.9583333333333333,Bristol Airport,51.382326,-2.716453,yes
18,EGNT,216.0,215.0,99.53703703703704,0.0,99.53703703703704,720.0,60.0,-1024.0,-812.5,-645.0,-500.0,1992.9999999999998,-2.822222222222222,0.8363095238095238,0.9102564102564102,0.9628314393939394,1.285,0.8181818181818182,0.8846153846153846,0.9444444444444444,1.0,1.0,0.8024621212121212,0.8666666666666667,0.9166666666666666,0.9696969696969697,1.0,730.0,2079.0,15.348837209302326,31.627906976744185,80.0925925925926,18.98148148148148,0.46296296296296297,204.0,204.0,100.0,0.0,100.0,240.0,5.0,193.00000000000006,485.0,540.0,635.0,1674.5000000000007,0.5052083333333334,1.6152777777777778,2.4791666666666665,3.0625,6.257500000000019,1.0,1.0,1.0,1.0,1.0,0.9885416666666668,1.0,1.0,1.0,1.0,555.0,2057.0,9.313725490196079,94.6078431372549,82.3529411764706,17.647058823529413,0.0,100.0,apdf,216.0,99.76851851851852,0.9561149691358024,Newcastle International Airport,55.037958,-1.689577,yes
19,EGCC,976.0,973.0,99.69262295081967,1.0,99.79508196721312,960.0,90.0,-1339.0,-1040.0,-735.0,-315.0,1489.000000000002,-1.5044444444444443,0.3999875992063492,0.8869607843137255,0.9862500000000001,1.1111111111111112,0.44473684210526315,0.6810064935064934,0.9210526315789473,1.0,1.0,0.4270833333333333,0.659965034965035,0.9040064102564103,0.9777777777777777,1.0,945.0,2507.0000000000027,19.83556012332991,34.97942386831276,76.02459016393442,22.74590163934426,0.9221311475409836,939.0,936.0,99.68051118210863,0.0,99.89350372736953,420.0,5.0,-1665.0,475.0,687.5,815.0,1022.5,-3.797023809523809,1.1527777777777777,1.6083333333333334,1.9059343434343434,2.4083333333333337,1.0,1.0,1.0,1.0,1.0,0.9861111111111112,1.0,1.0,1.0,1.0,780.0,1895.0,20.192307692307693,94.11764705882354,73.58892438764643,25.13312034078807,0.9584664536741214,99.89350372736953,apdf,976.0,99.68656706646415,0.9490193135550165,Manchester Airport,53.349375,-2.279521,yes
20,UGKO,45.0,44.0,97.77777777777777,0.0,97.77777777777777,780.0,15.0,-830.5,-631.25,5980.0,6637.5,7139.5,-9.621666666666666,-8.608707264957264,-6.426711309523809,0.9748168498168498,1.0688034188034188,0.9027272727272727,0.9607371794871795,1.0,1.0,1.0,0.8926767676767676,0.9369212962962963,0.9846611721611722,1.0,1.0,5980.0,7139.5,65.9090909090909,65.9090909090909,24.444444444444443,73.33333333333333,0.0,44.0,41.0,93.18181818181819,0.0,90.9090909090909,480.0,5.0,-4570.0,-4085.0,-3670.0,-2825.0,735.0,-12.846666666666668,-10.011904761904763,-7.916666666666667,-5.625,1.7126984126984126,1.0,1.0,1.0,1.0,1.0,0.9902777777777778,1.0,1.0,1.0,1.0,3670.0,4570.0,78.04878048780488,94.5945945945946,15.909090909090908,77.27272727272727,0.0,97.77777777777777,apdf,45.0,95.47979797979798,0.9474752388814889,David the Builder Kutaisi International Airport,42.177448,42.485353,yes
21,LGAV,1346.0,1327.0,98.58841010401188,0.0,99.25705794947994,900.0,75.0,-1487.0,-1105.0,-790.0,-555.0,-330.0,0.5470899470899471,0.7847007223942208,0.927536231884058,0.9943486590038314,1.21868686868687,0.5833333333333334,0.7875939849624061,0.9230769230769231,1.0,1.0,0.5663157894736842,0.7671052631578947,0.9094202898550725,0.9755923202614378,1.0,825.0,1589.000000000001,2.7882441597588548,35.11680482290882,89.00445765230312,8.320950965824666,1.263001485884101,1339.0,1317.0,98.35698282300224,0.0,99.85063480209111,300.0,5.0,430.0,505.0,580.0,685.0,825.0,1.3628472222222223,1.7142857142857142,2.0833333333333335,2.8055555555555554,3.9166666666666665,1.0,1.0,1.0,1.0,1.0,1.0,1.0,1.0,1.0,1.0,580.0,827.0000000000005,0.37965072133637057,96.96048632218844,89.32038834951456,7.5429424943988055,1.4936519790888723,99.85063480209111,apdf,1346.0,98.47269646350706,0.9401288231208011,Athens Eleftherios Venizelos International Airport,37.936401,23.9445,yes
22,LMML,352.0,351.0,99.7159090909091,0.0,98.29545454545455,540.0,65.0,-940.0,-675.0,-490.0,-267.5,-35.0,0.06666666666666667,0.4967948717948718,0.8666666666666667,1.2145989974937343,2.283333333333333,0.3181818181818182,0.5645833333333333,0.9,1.0,1.0,0.2962962962962963,0.536096256684492,0.875,1.0,1.0,520.0,2105.0,9.116809116809117,37.60683760683761,87.2159090909091,11.647727272727273,0.8522727272727273,360.0,358.0,99.44444444444444,1.0,98.61111111111111,240.0,5.0,355.0,460.0,515.0,630.0,931.5,1.4826923076923078,2.0,2.5625,3.28125,4.158333333333337,1.0,1.0,1.0,1.0,1.0,1.0,1.0,1.0,1.0,1.0,525.0,1071.5,3.0726256983240225,97.72727272727273,90.0,8.055555555555555,1.3888888888888888,98.61111111111111,apdf,360.0,99.58017676767676,0.9335641571969697,Malta International Airport,35.845932,14.491546,yes
23,LEZL,310.0,309.0,99.6774193548387,0.0,99.35483870967742,600.5,75.0,-834.0,-682.0,-522.0,-342.0,-14.0,0.03872008903728437,0.5764462809917356,0.8950381679389313,1.0,1.4303984259714706,0.272027972027972,0.6086956521739131,0.8928571428571429,1.0,1.0,0.22096758675874628,0.578512396694215,0.8766233766233765,0.9772423025435073,1.0042743905726979,544.0,899.5999999999999,6.472491909385114,30.097087378640776,90.96774193548387,7.419354838709677,1.2903225806451613,314.0,314.0,100.0,0.0,99.04458598726114,228.0,5.0,299.3,401.25,444.0,493.0,541.7,1.1750972762645915,1.6795545092357842,1.944206008583691,2.4070855614973263,3.44,0.8888888888888888,1.0,1.0,1.0,1.0,0.9793814432989691,0.9837711501744684,0.9903381642512078,0.99609375,1.0,449.0,568.0999999999999,3.1847133757961785,94.53376205787781,84.71337579617834,14.012738853503185,1.2738853503184713,99.35483870967742,apdf,314.0,99.83870967741936,0.9319751562914256,Seville Airport,37.417999,-5.89311,yes
24,EGKK,1217.0,1216.0,99.9178307313065,0.0,97.78142974527528,1140.0,135.0,-1620.0,-1285.0,-985.0,-605.0,955.0,-0.8454269865841073,0.651849376114082,0.9166666666666666,0.9778508771929825,1.0555555555555556,0.42678571428571427,0.6989130434782609,0.8809523809523809,0.9583333333333334,1.0,0.39550264550264547,0.6742857142857144,0.8569047619047618,0.9427083333333334,0.9912280701754386,1087.5,2850.0,14.638157894736842,22.861842105263158,81.42974527526705,17.502054231717338,0.9860312243221035,1201.0,1200.0,99.91673605328893,0.0,98.0849292256453,480.0,5.0,595.0,710.0,790.0,895.0,1135.5000000000007,1.2212121212121212,1.462962962962963,1.6296296296296295,1.7708333333333333,2.005555555555557,1.0,1.0,1.0,1.0,1.0,0.9895833333333334,1.0,1.0,1.0,1.0,805.0,1410.0,4.583333333333333,97.36618521665251,89.67527060782682,9.325562031640299,0.9159034138218152,98.0849292256453,apdf,1217.0,99.91728339229772,0.927684396638726,London Gatwick Airport,51.148744,-0.185739,yes
25,LIMF,181.0,180.0,99.4475138121547,0.0,99.4475138121547,540.0,75.0,-767.0,-571.25,-485.0,-383.75,-310.0,0.5892255892255893,0.7873376623376623,0.8888888888888888,1.0416666666666667,1.4547619047619047,0.56125,0.7857142857142857,0.8888888888888888,1.0,1.0,0.5333333333333333,0.7685185185185185,0.8583333333333333,0.9583333333333334,1.0,487.5,801.0,2.7777777777777777,27.77777777777778,92.81767955801105,4.972375690607735,1.6574585635359116,185.0,185.0,100.0,0.0,100.0,420.0,5.0,417.0,525.0,575.0,625.0,748.0,0.8975000000000001,1.0416666666666667,1.4861111111111112,2.1166666666666667,3.1599999999999997,0.9,1.0,1.0,1.0,1.0,0.8693181818181819,0.975,1.0,1.0,1.0,575.0,904.9999999999994,1.6216216216216217,78.37837837837837,92.97297297297297,5.405405405405405,1.6216216216216217,100.0,apdf,185.0,99.72375690607734,0.9265999079189686,Turin Airport,45.200802,7.64963,yes
26,LZIB,167.0,167.0,100.0,0.0,100.0,600.0,90.0,-825.0,-630.0,-520.0,-395.0,-190.0,0.3611111111111111,0.7458333333333333,0.8630952380952381,0.9553429027113238,1.2166666666666668,0.4,0.7247474747474747,0.875,0.95,1.0,0.3611111111111111,0.712391774891775,0.8484848484848485,0.925,1.0,525.0,991.0000000000002,4.790419161676646,19.760479041916167,91.61676646706587,6.586826347305389,1.7964071856287425,170.0,170.0,100.0,0.0,99.41176470588235,240.0,5.0,415.0,480.0,542.5,603.75,797.9999999999995,1.413888888888889,1.7916666666666667,2.1875,2.5555555555555554,3.7166666666666677,1.0,1.0,1.0,1.0,1.0,1.0,1.0,1.0,1.0,1.0,545.0,977.4999999999987,1.1764705882352942,97.0414201183432,91.17647058823529,6.470588235294118,2.3529411764705883,100.0,apdf,170.0,100.0,0.9242424242424243,M. R. Štefánik Airport,48.1702,17.2127,yes
27,LFBO,262.0,262.0,100.0,0.0,98.47328244274809,600.0,90.0,-775.0,-625.0,-500.0,-305.0,-165.99999999999994,0.30365384615384616,0.5112847222222222,0.8888888888888888,0.9828703703703703,1.4675189393939396,0.3513636363636364,0.5,0.875,0.9895833333333334,1.0,0.32651515151515154,0.5,0.8449519230769231,0.9533730158730158,1.0,505.0,830.5000000000002,2.6717557251908395,26.717557251908396,91.22137404580153,5.7251908396946565,3.053435114503817,266.0,266.0,100.0,0.0,96.99248120300751,240.0,5.0,392.5,496.25,565.0,638.75,770.0,1.6135416666666669,1.9666666666666666,2.2708333333333335,2.7777777777777777,3.875,1.0,1.0,1.0,1.0,1.0,1.0,1.0,1.0,1.0,1.0,565.0,770.0,0.0,94.18604651162791,96.2406015037594,0.7518796992481203,3.007518796992481,98.47328244274809,apdf,266.0,100.0,0.9224759615384616,Toulouse-Blagnac Airport,43.629101,1.36382,yes
28,EDDH,496.0,491.0,98.99193548387096,0.0,99.59677419354838,556.5,76.0,-802.0,-626.5,-453.0,-183.0,-13.0,0.0226928895612708,0.3518786497649907,0.9097222222222222,1.0013190192461963,1.1536273115220483,0.1,0.4375,0.8888888888888888,1.0,1.0,0.04366812227074236,0.3995635412597863,0.8474576271186441,0.9762608318382758,0.9984152139461172,482.0,1077.0,6.720977596741344,32.586558044806516,88.70967741935483,9.274193548387096,1.0080645161290323,504.0,499.0,99.0079365079365,0.0,99.40476190476191,308.0,5.0,308.8,479.5,564.0,642.0,724.5999999999999,1.0840369997252495,1.620303889044054,1.8599806798056617,2.150238988653623,2.595104516716979,1.0,1.0,1.0,1.0,1.0,0.9788903625110521,0.9930211827151649,1.0,1.0032109034528998,1.0092819916440539,582.0,923.2,6.212424849699399,92.54032258064517,86.30952380952381,11.904761904761905,0.7936507936507936,99.59677419354838,apdf,504.0,98.99993599590374,0.9144909341994498,Hamburg Helmut Schmidt Airport,53.630402,9.98823,yes
29,UGTB,233.0,213.0,91.41630901287553,0.0,99.57081545064378,660.0,10.0,-1368.0,-940.0,-635.0,-455.0,6610.000000000003,-9.151666666666666,0.8541666666666666,1.0092592592592593,1.3541666666666667,2.1156410256410267,0.6411111111111111,0.95,1.0,1.0,1.0,0.625,0.9270833333333334,0.9930555555555556,1.0,1.0,770.0,6729.000000000001,14.553990610328638,68.07511737089202,59.227467811158796,30.472103004291846,1.7167381974248928,227.0,204.0,89.86784140969164,0.0,100.0,420.0,5.0,-4893.0,-4377.5,645.0,750.0,900.5000000000002,-12.5125,-8.339856902356903,1.5595238095238095,1.9226190476190477,2.4281250000000005,1.0,1.0,1.0,1.0,1.0,0.9867063492063493,1.0,1.0,1.0,1.0,790.0,4940.5,29.41176470588235,95.09803921568627,54.18502202643172,34.36123348017621,1.3215859030837005,100.0,apdf,233.0,90.64207521128358,0.9032734578346663,Tbilisi International Airport,41.669201,44.9547,yes
30,EDDN,192.0,192.0,100.0,0.0,98.95833333333334,653.0,115.0,-864.0,-662.25,-495.5,-231.5,2.9000000000000057,-0.004607213902338324,0.3815096668778072,0.8214699632992081,0.9221861339363517,1.5071670635647558,0.278125,0.4738095238095238,0.8333333333333334,0.9175,1.0,0.25014140210440877,0.44614766284054763,0.801854714064915,0.8953061972863953,1.001750972762646,523.0,1102.9000000000003,10.9375,16.666666666666668,89.0625,9.895833333333334,1.0416666666666667,204.0,204.0,100.0,0.0,99.01960784313727,216.0,5.0,239.3,445.0,510.5,579.5,642.4000000000001,1.1078438410843254,2.016284466939324,2.367125573633709,2.8009933774834437,3.517716535433071,0.89,1.0,1.0,1.0,1.0,0.9766506109022557,0.9873949579831932,0.9950852533449257,1.0,1.0,528.5,782.3000000000002,6.862745098039215,93.06930693069307,89.2156862745098,9.313725490196079,1.4705882352941178,99.01960784313727,apdf,204.0,100.0,0.8984699837049204,Nuremberg Airport,49.498699,11.078056,yes
31,EDDK,419.0,415.0,99.0453460620525,0.0,99.52267303102626,697.0,125.0,-965.5999999999999,-708.5,-518.0,-278.5,-26.399999999999977,0.042860434749212695,0.39190395332636707,0.8191681735985533,0.9420047155700504,1.15021782121464,0.15789473684210525,0.4478221415607986,0.8260869565217391,0.9444444444444444,1.0,0.10213577120684893,0.4185330015404669,0.8108108108108109,0.9218972108364731,1.0,566.0,1179.2,6.506024096385542,18.795180722891565,86.39618138424821,11.933174224343675,0.7159904534606205,416.0,413.0,99.27884615384616,0.0,100.0,359.0,5.0,284.0,481.0,608.0,723.0,1013.6000000000001,0.8087583746719539,1.3623762376237625,1.6445182724252492,1.976109215017065,2.77010590675838,0.9,1.0,1.0,1.0,1.0,0.9305068012286091,0.9923664122137404,1.0,1.0031847133757963,1.006536017174315,632.0,1846.6000000000008,7.263922518159807,88.86198547215497,84.85576923076923,13.221153846153847,1.2019230769230769,100.0,apdf,419.0,99.16209610794934,0.8978189782746765,Cologne Bonn Airport,50.865898,7.14274,yes
32,LEBL,1661.0,1659.0,99.87959060806743,0.0,99.157134256472,957.0,190.0,-1336.2,-1085.5,-742.0,-364.5,-112.0,0.15931644241388673,0.43275482791944,0.8733535967578521,0.9796910934473668,1.0754960433434977,0.21008771929824563,0.4405882352941176,0.8181818181818182,0.9696969696969697,1.0,0.1767543859649123,0.41347958910019467,0.7966373098478783,0.9556549502201676,1.0008952666903577,769.0,1397.0,4.400241109101868,25.858951175406872,93.19686935580975,6.562311860325106,0.12040939193257075,1643.0,1640.0,99.81740718198418,0.0,99.39135727328059,181.0,5.0,305.0,413.75,465.0,538.0,635.0,1.4263076810212019,1.845427196149218,2.5198237885462555,3.2396353646353644,4.03030303030303,0.875,1.0,1.0,1.0,1.0,0.9701492537313433,0.9803921568627452,0.9893048128342247,0.9954751131221719,1.0,467.0,650.1000000000001,1.2195121951219512,96.13496932515338,92.45283018867924,7.121119902617163,0.24345709068776628,99.39135727328059,apdf,1661.0,99.84849889502581,0.8916182003160201,Josep Tarradellas Barcelona-El Prat Airport,41.2971,2.07846,yes
33,EETN,172.0,166.0,96.51162790697674,0.0,100.0,510.0,90.0,-685.0,-500.0,-327.5,-92.5,4250.0,-5.697916666666666,0.23402777777777778,0.7775297619047619,0.9256944444444445,1.1083333333333334,0.21875,0.45113636363636367,0.8535714285714285,0.9534090909090909,1.0,0.2048611111111111,0.4166666666666667,0.8098290598290598,0.925,1.0,425.0,4377.5,13.25301204819277,20.481927710843372,73.25581395348837,19.186046511627907,4.069767441860465,179.0,171.0,95.53072625698324,0.0,100.0,300.0,5.0,400.0,510.0,625.0,720.0,1720.0,1.5833333333333333,1.9027777777777777,2.15,2.8194444444444446,8.444444444444445,1.0,1.0,1.0,1.0,1.0,1.0,1.0,1.0,1.0,1.0,655.0,3530.0,7.60233918128655,98.83040935672514,80.44692737430168,11.731843575418994,3.35195530726257,100.0,apdf,179.0,96.02117708198,0.8689095832097977,Lennart Meri Tallinn Airport,59.413246,24.83264,yes
34,EDDV,210.0,210.0,100.0,0.0,100.0,626.5,146.0,-835.1,-660.0,-450.5,-11.0,7.099999999999994,-0.013891679109542554,0.022134251804139082,0.8367106821534689,0.9658647341564578,1.076541748189769,0.0,0.1294642857142857,0.75,0.9473684210526315,1.0,0.0,0.06482075976457999,0.7130303791112227,0.9317640281741771,0.9967324815719923,501.5,950.3,19.047619047619047,20.476190476190474,90.0,9.047619047619047,0.9523809523809523,210.0,209.0,99.52380952380952,0.0,100.0,325.0,5.0,277.0,419.0,552.0,715.0,826.2,0.6394525392149978,1.4229323308270676,1.6746765249537894,2.121739130434783,2.5803296119085593,0.875,1.0,1.0,1.0,1.0,0.9615271399976452,0.9905660377358491,0.9978308026030368,1.0,1.005618699030373,586.0,913.8000000000006,7.177033492822966,89.95215311004785,86.66666666666667,10.952380952380953,1.9047619047619047,100.0,apdf,210.0,99.76190476190476,0.853393851355089,Hannover Airport,52.461102,9.68508,yes
35,EDDF,1952.0,1937.0,99.23155737704919,0.0,99.43647540983606,860.5,307.0,-1055.8,-799.0,-519.0,-319.0,2.0,-0.0025918630160693436,0.4200913242009132,0.6237113402061856,0.9320388349514563,1.0552768685215494,0.27701149425287364,0.46153846153846156,0.6451612903225806,0.9148936170212766,1.0,0.24534511368214829,0.4351851851851852,0.6218274111675127,0.8896797153024911,0.9935709199246124,587.0,1161.0,10.738255033557047,16.159008776458442,85.29713114754098,13.883196721311476,0.05122950819672131,1933.0,1915.0,99.0688049663735,0.0,100.0,521.0,5.0,278.0,564.0,699.0,834.5,979.0,0.514819596306693,1.1691391941391942,1.3526570048309179,1.5298537291504624,1.695325497287523,0.8888888888888888,1.0,1.0,1.0,1.0,0.8717818545236108,0.9924504374424106,0.9983221476510067,1.0020040080160322,1.0048543879821523,740.0,1269.6000000000001,8.77284595300261,84.75195822454307,80.28970512157268,18.67563372995344,0.10346611484738748,100.0,apdf,1952.0,99.15018117171135,0.8031906114106221,Frankfurt Main Airport,50.026706,8.55835,yes
36,EGLC,158.0,158.0,100.0,0.0,100.0,360.0,165.0,-355.0,-275.0,-175.0,-100.0,46.50000000000006,-0.20333333333333325,0.32638888888888884,0.5257936507936508,0.6666666666666666,0.7684848484848485,0.0,0.4166666666666667,0.5833333333333334,0.7,0.8037500000000002,0.0,0.40069444444444446,0.5416666666666666,0.6643518518518519,0.7801948051948054,195.0,576.5,18.9873417721519,1.8987341772151898,90.50632911392405,8.227848101265822,1.2658227848101267,158.0,158.0,100.0,0.0,100.0,180.0,5.0,295.0,381.25,455.0,505.0,565.0,1.4458333333333333,2.0388888888888888,2.6666666666666665,3.6666666666666665,4.208333333333333,1.0,1.0,1.0,1.0,1.0,1.0,1.0,1.0,1.0,1.0,465.0,585.0,4.430379746835443,98.10126582278481,93.0379746835443,5.69620253164557,1.2658227848101267,100.0,apdf,158.0,100.0,0.7708333333333333,London City Airport,51.505299,0.055278,yes
37,ENBR,363.0,363.0,100.0,50.0,100.0,540.0,225.0,-585.0,-435.0,-270.0,-57.5,45.0,0.0,0.36904761904761907,0.5555555555555556,0.8680555555555556,0.966388888888889,0.043333333333333356,0.375,0.5625,0.875,1.0,0.015277777777777796,0.3611111111111111,0.5416666666666666,0.84375,0.9507936507936509,275.0,603.0000000000001,20.385674931129476,10.223642172523961,92.56198347107438,2.203856749311295,5.234159779614325,359.0,358.0,99.72144846796657,5.0,99.72144846796658,180.0,5.0,295.0,366.25,420.0,480.0,571.5,1.1111111111111112,1.8888888888888888,2.5694444444444446,3.4166666666666665,4.0,1.0,1.0,1.0,1.0,1.0,1.0,1.0,1.0,1.0,1.0,422.5,583.0000000000001,1.1173184357541899,95.45454545454545,91.08635097493037,3.8997214484679668,4.735376044568246,100.0,apdf,363.0,99.86072423398329,0.7697597493036211,"Bergen Airport, Flesland",60.2934,5.21814,yes
38,UGSB,63.0,57.0,90.47619047619048,0.0,98.4126984126984,720.0,150.0,-1026.0,-750.0,-515.0,-325.0,4237.0,-5.178888888888888,0.4226190476190476,0.7254901960784313,0.9444444444444444,1.2135416666666667,0.4714285714285715,0.6666666666666666,0.8333333333333334,0.9583333333333334,1.0,0.4508658008658009,0.6439393939393939,0.7884615384615384,0.9305555555555556,1.0,645.0,4237.0,15.789473684210526,24.56140350877193,61.904761904761905,28.571428571428573,0.0,61.0,49.0,80.32786885245902,0.0,100.0,300.0,5.0,-4324.0,-3100.0,445.0,505.0,624.0000000000001,-13.8875,-10.266666666666667,1.4375,1.9666666666666666,2.387777777777778,0.9375,1.0,1.0,1.0,1.0,0.8881944444444444,1.0,1.0,1.0,1.0,550.0,4324.0,32.6530612244898,81.63265306122449,54.09836065573771,26.229508196721312,0.0,100.0,apdf,63.0,85.40202966432474,0.7636912268059808,Alexander Kartveli Batumi International Airport,41.60939,41.600315,yes
39,EGPH,589.0,588.0,99.830220713073,0.0,99.830220713073,780.0,480.0,-897.4999999999999,-625.0,-287.5,-58.75,45.0,-0.056076388888888884,0.0695970695970696,0.38901515151515154,0.788568376068376,0.9052083333333334,0.0,0.15384615384615385,0.36237373737373735,0.6753676470588236,0.8571428571428571,0.0,0.13612689393939392,0.3400106837606838,0.6430759803921569,0.8333333333333334,377.5,1139.500000000001,21.08843537414966,1.530612244897959,83.1918505942275,15.280135823429541,1.3582342954159592,585.0,584.0,99.82905982905983,0.0,99.82905982905983,360.0,5.0,289.3,330.0,492.5,690.0,958.5000000000002,0.562202380952381,0.939935064935065,1.3333333333333333,1.75,2.290000000000003,0.625,0.9090909090909091,1.0,1.0,1.0,0.6096432552954292,0.8697089947089947,1.0,1.0,1.0,535.0,1348.5000000000002,4.965753424657534,67.40994854202401,84.78632478632478,13.675213675213675,1.3675213675213675,99.830220713073,apdf,589.0,99.82964027106641,0.668863922596074,Edinburgh Airport,55.950145,-3.372288,yes
40,LFMN,815.0,814.0,99.87730061349693,0.0,99.14110429447854,660.0,475.0,-473.49999999999994,-305.0,-210.0,-10.0,25.0,-0.03787878787878788,0.01282051282051282,0.3204365079365079,0.4583333333333333,0.7214646464646466,0.0,0.038461538461538464,0.34615384615384615,0.5,0.7125000000000002,0.0,0.018696581196581196,0.32407407407407407,0.4583333333333333,0.6862500000000002,220.0,515.0,22.604422604422606,2.9484029484029484,90.920245398773,5.889570552147239,3.067484662576687,819.0,818.0,99.87789987789988,0.0,99.87789987789988,240.0,5.0,415.0,530.0,595.0,693.75,943.0000000000007,1.4166666666666667,2.033333333333333,2.4583333333333335,3.0277777777777777,4.391666666666666,1.0,1.0,1.0,1.0,1.0,1.0,1.0,1.0,1.0,1.0,600.0,1088.0000000000007,1.8337408312958434,95.10403916768666,89.74358974358974,7.326007326007326,2.808302808302808,99.87789987789988,apdf,819.0,99.8776002456984,0.6612267053303181,Nice-Côte d'Azur Airport,43.658401,7.21587,yes
41,EHAM,2049.0,2044.0,99.7559785261103,0.0,99.17032698877502,647.0,430.0,-573.7,-364.0,-152.5,-10.0,12.0,-0.022406073082861553,0.019131137049340198,0.26573801267519226,0.4886713324369226,0.7896062613015563,0.0,0.11680672268907563,0.3333333333333333,0.5151515151515151,0.7415770609318997,0.0,0.0617283950617284,0.2858433481805194,0.48303670745272526,0.7195172413793104,207.0,829.1000000000001,17.710371819960862,4.990215264187867,87.75012201073694,11.566617862371888,0.43923865300146414,2031.0,2024.0,99.65534219596258,0.0,99.50763170851798,627.0,5.0,318.0,498.0,714.0,896.0,1050.0,0.7341442761327438,1.0436542338709676,1.2694168096682485,1.4550037552318034,1.76562787277073,0.8,0.9583333333333334,1.0,1.0,1.0,0.7845251531218453,0.9790307213863274,0.998147280475477,1.001489264745702,1.004823151125402,738.0,1107.0,3.705533596837945,78.50049652432969,87.34613490891186,11.964549483013293,0.34465780403741997,99.50763170851798,apdf,2049.0,99.70566036103644,0.6401056676376422,Amsterdam Airport Schiphol,52.308601,4.76389,yes
42,EDDC,35.0,35.0,100.0,0.0,100.0,540.0,425.0,-218.0,-172.5,-150.0,-85.0,18.000000000000043,-0.029999999999999985,0.1642156862745098,0.2604166666666667,0.3125,0.34444444444444444,0.11000000000000001,0.25,0.3,0.3333333333333333,0.436923076923077,0.10083333333333333,0.21770833333333334,0.275,0.32491582491582494,0.41538461538461546,160.0,303.00000000000017,14.285714285714286,0.0,88.57142857142857,11.428571428571429,0.0,36.0,36.0,100.0,0.0,100.0,240.0,5.0,-1510.0,323.75,385.0,430.0,480.0,-5.574999999999999,1.2135416666666667,1.71875,1.9645833333333333,2.361111111111111,1.0,1.0,1.0,1.0,1.0,0.9791666666666666,1.0,1.0,1.0,1.0,407.5,1510.0,13.88888888888889,94.44444444444444,80.55555555555556,19.444444444444443,0.0,100.0,apdf,36.0,100.0,0.6375,Dresden Airport,51.134123,13.767831,yes
43,EDDL,679.0,679.0,100.0,0.0,98.67452135493373,663.0,473.0,-621.2,-472.0,6.0,14.0,31.0,-0.045892322695631704,-0.021390986044383435,-0.008556149732620321,0.6846523348295142,0.9586557858059784,0.0,0.0,0.2916666666666667,0.5917508417508417,0.9090909090909091,0.0,0.0,0.2754237288135593,0.5741780272654371,0.8923514443945518,313.0,797.4000000000003,50.8100147275405,7.216494845360825,90.42709867452136,9.278350515463918,0.29455081001472755,679.0,677.0,99.70544918998527,0.0,99.85272459499264,239.5,5.0,108.00000000000004,295.0,421.0,510.0,592.1999999999999,0.4224250859669232,1.2655141272093924,1.7679344151453684,2.1853896970505806,2.56383701188455,0.875,1.0,1.0,1.0,1.0,0.967632345254984,0.9905090693646887,1.0,1.0050251256281408,1.0105004960864292,446.0,997.3999999999995,8.714918759231905,90.53254437869822,86.15611192930781,13.402061855670103,0.14727540500736377,99.85272459499264,apdf,679.0,99.85272459499264,0.6367726716756945,Düsseldorf Airport,51.289501,6.76678,yes
44,LEVC,395.0,394.0,99.74683544303798,0.0,97.9746835443038,659.0,467.5,-546.0,-339.0,-133.0,-19.25,-3.0,0.005000293641405116,0.030731904920860108,0.22742194635950647,0.4851214439076758,0.830504437938566,0.041666666666666664,0.08333333333333333,0.2649122807017544,0.5,0.7730158730158728,0.009458017077798865,0.035926582948197255,0.2283228024660362,0.4666309102349311,0.7367759146341463,143.0,568.0999999999999,7.868020304568528,2.284263959390863,92.9113924050633,6.582278481012659,0.25316455696202533,395.0,394.0,99.74683544303798,0.0,98.9873417721519,237.0,5.0,293.30000000000007,348.0,373.0,464.5,517.0999999999999,0.9763697387518142,1.377277152569222,1.7386141197964244,2.118458207831325,2.449618096357227,0.8571428571428571,1.0,1.0,1.0,1.0,0.966338808250573,0.9836065573770493,0.9895833333333334,0.9957397828160539,1.0,374.0,521.7,0.7614213197969543,91.02564102564102,91.89873417721519,7.341772151898734,0.5063291139240507,98.9873417721519,apdf,395.0,99.74683544303798,0.60741141456323,Valencia Airport,39.489162,-0.480961,yes
45,EIDW,1198.0,1193.0,99.58263772954925,0.0,99.91652754590984,867.0,620.0,-763.8,-424.0,-128.0,23.0,53.0,-0.0671251109139308,-0.027491408934707903,0.1554959785522788,0.4669365721997301,0.7856594651547133,0.0,0.047619047619047616,0.21621621621621623,0.4444444444444444,0.6535117056856187,0.0,0.03022974607013301,0.1907356948228883,0.4133685136323659,0.6257519243965243,220.0,1133.1999999999998,29.50544844928751,1.4249790444258172,82.80467445742904,15.358931552587647,1.4190317195325544,1177.0,1173.0,99.66015293118097,0.0,100.0,402.0,5.0,224.8,321.0,466.0,595.0,684.8,0.3753529969040528,0.8035714285714286,1.1750599520383693,1.5194805194805194,1.8574534942181997,0.6,0.8571428571428571,1.0,1.0,1.0,0.5951642175516657,0.8616504854368932,0.9936575052854123,1.0,1.0053619302949062,489.0,807.8,6.564364876385337,66.58141517476555,83.94222599830077,14.27357689039932,1.4443500424808835,100.0,apdf,1198.0,99.62139533036512,0.5899545160729263,Dublin Airport,53.428713,-6.262121,yes
46,ENGM,917.0,913.0,99.56379498364231,11.0,100.0,660.0,515.0,-365.0,-210.0,-105.0,-75.0,-45.0,0.06060606060606061,0.10897435897435898,0.1590909090909091,0.3260732323232323,0.492929292929293,0.08877005347593585,0.125,0.1875,0.3514705882352941,0.5,0.07363834422657953,0.1130952380952381,0.16666666666666666,0.33630952380952384,0.4777777777777778,110.0,439.00000000000034,4.381161007667032,0.22148394241417496,93.12977099236642,5.997818974918212,0.4362050163576881,915.0,912.0,99.67213114754098,2.0,99.89071038251366,240.0,5.0,220.0,250.0,385.0,470.0,545.0,0.6111111111111112,1.0476190476190477,1.4444444444444444,2.0166666666666666,2.638888888888889,0.7246753246753248,1.0,1.0,1.0,1.0,0.6934343434343435,1.0,1.0,1.0,1.0,395.0,565.0,4.057017543859649,78.76787678767877,93.11475409836065,6.120218579234972,0.4371584699453552,100.0,apdf,917.0,99.61796306559165,0.5811047845492847,Oslo-Gardermoen International Airport,60.193901,11.1004,yes
47,BIKF,254.0,253.0,99.60629921259843,0.0,99.60629921259843,660.0,526.0,-214.99999999999994,10.0,4995.0,5230.0,5574.0,-10.074639260874077,-8.425,-6.226190476190476,-0.021739130434782608,0.30692484895188615,0.0,0.0,0.16666666666666666,0.4,0.84875,0.0,0.0,0.14084507042253522,0.3813038130381304,0.8249305555555555,4995.0,5574.0,76.6798418972332,5.138339920948616,35.039370078740156,64.56692913385827,0.0,258.0,258.0,100.0,0.0,100.0,360.0,5.0,-5222.5,-4913.75,-4650.0,310.0,556.5,-24.544444444444444,-16.008333333333333,-11.604919678714861,1.0954861111111112,1.7729166666666667,0.6875,0.9,1.0,1.0,1.0,0.6713216957605985,0.8689516129032258,1.0,1.0,1.0,4650.0,5222.5,64.34108527131782,69.37984496124031,36.04651162790697,63.95348837209303,0.0,100.0,apdf,258.0,99.80314960629921,0.5692996562049463,Keflavik International Airport,63.985001,-22.6056,yes
48,LEMD,1827.0,1825.0,99.89053092501368,0.0,99.72632731253421,982.0,780.0,-550.0,-345.0,-187.0,4.0,18.0,-0.018656813736144313,-0.004464285714285714,0.18134715025906736,0.35185185185185186,0.559460147695442,0.0,0.0,0.19444444444444445,0.35294117647058826,0.5185185185185185,0.0,0.0,0.1750841750841751,0.32805429864253394,0.4887553714830157,212.0,617.0,32.54794520547945,0.547945205479452,92.11822660098522,7.553366174055829,0.21893814997263272,1813.0,1799.0,99.22779922779922,0.0,98.73138444567016,474.0,40.0,269.0,279.0,460.0,552.0,693.0,0.4908187331536388,0.7131641207885023,0.9342989628423792,1.3357372350507362,1.8112495612495612,0.5392857142857143,0.7241379310344828,0.9090909090909091,1.0,1.0,0.5327805537263077,0.7195728699399639,0.9200180233923325,0.991478765621508,0.9978424399281278,466.0,734.0,2.445803224013341,45.4954954954955,87.92057363485935,11.141753998896856,0.1654715940430226,99.72632731253421,apdf,1827.0,99.55916507640646,0.5451373027682913,Adolfo Suárez Madrid–Barajas Airport,40.493407,-3.572249,yes
49,EDDW,77.0,75.0,97.40259740259741,0.0,98.7012987012987,523.0,458.0,-162.79999999999998,-98.5,-38.0,3.5,7.6000000000000085,-0.014422485726833552,-0.005562696076398966,0.07253886010362694,0.17281790765086524,0.2429705324721232,0.0,0.0,0.13333333333333333,0.2361111111111111,0.3103448275862069,0.0,0.0,0.08849557522123894,0.19066264660616675,0.2705713562325939,59.0,250.40000000000003,32.0,0.0,88.31168831168831,9.090909090909092,0.0,75.0,72.0,96.0,0.0,100.0,243.0,5.0,126.60000000000001,273.0,282.5,300.25,378.3999999999999,0.3311708542713568,0.8634062643942884,1.1768179712830014,1.5288851351351351,1.902863555452364,0.6291666666666667,0.8888888888888888,1.0,1.0,1.0,0.5869115255454411,0.8857258499730167,0.9895193646114796,1.0,1.0100869114769195,283.0,462.3,5.555555555555555,68.05555555555556,88.0,8.0,0.0,100.0,apdf,77.0,96.7012987012987,0.5212272235061313,Bremen Airport,53.046786,8.78932,yes
50,EDDB,774.0,760.0,98.19121447028424,0.0,99.6124031007752,583.0,464.0,-580.0,-344.5,-11.0,9.0,19.0,-0.03972415365325428,-0.015199261943812496,0.01834862385321101,0.5678172557682867,0.9344044096520367,0.0,0.0,0.1,0.5845588235294118,0.9473684210526315,0.0,0.0,0.04249641224979767,0.5647323752993856,0.9191870144284129,80.5,842.1000000000009,44.3421052631579,7.368421052631579,86.17571059431525,11.11111111111111,0.9043927648578811,788.0,774.0,98.22335025380711,0.0,99.74619289340102,320.0,5.0,185.60000000000002,300.0,437.0,519.5,612.0,0.5430457500698018,0.8638888888888889,1.2973684210526315,1.9923076923076923,2.4541125541125544,0.7158730158730159,0.9,1.0,1.0,1.0,0.7192909569311731,0.9021406727828746,0.9933774834437087,1.0,1.0076045627376427,456.0,680.5000000000002,5.943152454780361,69.85769728331178,85.91370558375634,11.421319796954315,0.8883248730964467,99.74619289340102,apdf,788.0,98.20728236204567,0.5086518008292221,Berlin Brandenburg Airport,52.361738,13.502341,yes
51,ELLX,314.0,314.0,100.0,0.0,99.36305732484077,660.0,590.0,-303.5,-25.0,0.0,20.0,40.0,-0.059259259259259255,-0.03125,-0.0,0.041666666666666664,0.44696969696969696,0.0,0.0,0.027777777777777776,0.07142857142857142,0.45151515151515137,0.0,0.0,0.005381944444444444,0.04513888888888889,0.41474358974358966,20.0,397.4999999999997,51.59235668789809,0.6369426751592356,86.30573248407643,13.05732484076433,0.6369426751592356,312.0,311.0,99.67948717948718,0.0,99.35897435897436,300.0,5.0,175.0,335.0,430.0,482.5,540.0,0.6340277777777777,1.0555555555555556,1.2916666666666667,1.8541666666666667,2.1875,0.8977777777777778,1.0,1.0,1.0,1.0,0.8611111111111112,1.0,1.0,1.0,1.0,445.0,615.0,7.07395498392283,86.73139158576052,84.61538461538461,13.782051282051283,1.2820512820512822,99.36305732484077,apdf,314.0,99.83974358974359,0.5018853777154558,Luxembourg-Findel International Airport,49.626845,6.212134,yes
52,EGGW,590.0,590.0,100.0,0.0,99.66101694915255,840.0,840.0,20.0,30.0,50.0,70.0,735.5000000000001,-1.02092803030303,-0.13062169312169314,-0.057291666666666664,-0.03333333333333333,-0.019230769230769232,0.0,0.0,0.0,0.0,0.0,0.0,0.0,0.0,0.0,0.0,50.0,735.5000000000001,100.0,0.0,72.71186440677967,26.271186440677965,1.0169491525423728,581.0,581.0,100.0,0.0,99.82788296041308,300.0,5.0,-770.0,255.0,300.0,320.0,335.0,-2.8541666666666665,0.5810185185185186,0.95,1.2291666666666667,1.6388888888888888,0.6666666666666666,0.8571428571428571,1.0,1.0,1.0,0.6385416666666667,0.8214285714285714,1.0,1.0,1.0,315.0,770.0,19.44922547332186,63.96551724137931,73.66609294320138,25.645438898450948,0.6884681583476764,99.82788296041308,apdf,590.0,100.0,0.5,London Luton Airport,51.874699,-0.368333,yes
53,LIPE,390.0,390.0,100.0,0.0,95.8974358974359,600.0,600.0,-6.0,29.0,54.0,169.0,554.0,-0.9233333333333333,-0.2816666666666667,-0.07564102564102564,-0.03533876955714665,0.006625000000000086,0.0,0.0,0.0,0.0,0.03571428571428571,0.0,0.0,0.0,0.0,0.017380952380952542,61.0,555.5000000000003,88.97435897435898,0.0,88.2051282051282,11.538461538461538,0.2564102564102564,392.0,392.0,100.0,0.0,96.1734693877551,229.0,5.0,198.4,241.75,262.0,273.0,285.90000000000003,0.5555596785211298,0.8255813953488372,1.1085972850678734,1.464705882352941,1.9574603174603176,0.6092307692307692,0.8333333333333334,1.0,1.0,1.0,0.6011392116655274,0.8566433566433566,1.0,1.0106382978723405,1.0196106844418682,263.0,290.90000000000003,3.061224489795918,67.10875331564986,93.11224489795919,6.63265306122449,0.25510204081632654,96.1734693877551,apdf,392.0,100.0,0.5,Bologna Guglielmo Marconi Airport,44.5354,11.2887,yes
54,LPPR,557.0,556.0,99.82046678635548,0.0,99.46140035906643,607.0,630.0,20.0,35.0,50.0,65.0,75.0,-0.15476190476190477,-0.11136023916292974,-0.07798983564013841,-0.05053856802836742,-0.03333333333333333,0.0,0.0,0.0,0.0,0.0,0.0,0.0,0.0,0.0,0.0,50.0,75.0,99.82014388489209,0.0,92.45960502692998,7.1813285457809695,0.17953321364452424,540.0,540.0,100.0,0.0,100.0,360.0,5.0,414.5,535.0,600.0,675.0,775.0,1.0977075040542534,1.4259826030927836,1.6370915032679738,1.8517978287636507,2.012987421383648,1.0,1.0,1.0,1.0,1.0,0.9880952380952381,1.0,1.0,1.006028894748407,1.0101183063511832,600.0,790.0,0.5555555555555556,93.33333333333333,93.88888888888889,6.111111111111111,0.0,100.0,apdf,557.0,99.91023339317775,0.49955116696588875,Francisco de Sá Carneiro Airport,41.2481002808,-8.68138980865,yes
55,LIME,519.0,518.0,99.8073217726397,0.0,98.65125240847784,720.0,720.0,0.0,10.0,30.0,45.0,96.50000000000006,-0.11666666666666667,-0.06215277777777778,-0.034722222222222224,-0.015151515151515152,0.0,0.0,0.0,0.0,0.0,0.0,0.0,0.0,0.0,0.0,0.0,30.0,107.50000000000028,92.08494208494209,0.0,88.82466281310212,9.826589595375722,1.1560693641618498,520.0,520.0,100.0,0.0,100.0,240.0,5.0,175.0,245.0,265.0,290.0,300.0,0.539351851851852,0.7833333333333333,1.0,1.2708333333333333,1.5555555555555556,0.625,0.875,1.0,1.0,1.0,0.6,0.8298611111111112,1.0,1.0,1.0,270.0,305.0,3.4615384615384617,63.26923076923077,90.1923076923077,9.23076923076923,0.5769230769230769,100.0,apdf,520.0,99.90366088631984,0.4995183044315992,Il Caravaggio International Airport,45.669362,9.708851,yes
56,ESGG,209.0,209.0,100.0,0.0,100.0,540.0,540.0,30.0,45.0,55.0,70.0,90.0,-0.19444444444444445,-0.14814814814814814,-0.1111111111111111,-0.075,-0.05284090909090908,0.0,0.0,0.0,0.0,0.0,0.0,0.0,0.0,0.0,0.0,60.0,95.0,98.08612440191388,0.0,92.82296650717703,7.177033492822966,0.0,210.0,209.0,99.52380952380952,0.0,100.0,240.0,5.0,123.0,250.0,270.0,290.0,300.0,0.4791666666666667,0.9,1.0833333333333333,1.2291666666666667,1.3944444444444448,0.8333333333333334,1.0,1.0,1.0,1.0,0.7611111111111111,0.95,1.0,1.0,1.0,270.0,305.0,7.177033492822966,76.07655502392345,90.47619047619048,8.571428571428571,0.47619047619047616,100.0,apdf,210.0,99.76190476190476,0.4988095238095238,Göteborg Landvetter Airport,57.6628,12.2798,yes
57,LSGG,609.0,607.0,99.67159277504105,0.0,99.50738916256158,660.0,600.0,-239.0,20.0,40.0,60.0,75.0,-0.15476190476190477,-0.09375,-0.06060606060606061,-0.02532051282051282,0.41166666666666646,0.0,0.0,0.0,0.0,0.4,0.0,0.0,0.0,0.0,0.37962962962962965,50.0,370.0,85.00823723228996,0.0,92.28243021346469,6.568144499178982,0.8210180623973727,600.0,599.0,99.83333333333333,0.0,99.83333333333333,240.0,5.0,280.0,300.0,330.0,415.0,481.0000000000002,0.8194444444444444,1.25,1.6458333333333333,2.0833333333333335,2.4583333333333335,0.9166666666666666,1.0,1.0,1.0,1.0,0.8611111111111112,1.0,1.0,1.0,1.0,335.0,491.0000000000002,2.003338898163606,87.29096989966555,91.83333333333333,7.333333333333333,0.6666666666666666,99.83333333333333,apdf,609.0,99.75246305418719,0.49876231527093595,Geneva International Airport,46.238098,6.10895,yes
58,LFSB,345.0,344.0,99.71014492753623,1.0,99.42028985507247,720.0,720.0,15.0,25.0,40.0,55.0,70.0,-0.12037037037037036,-0.08333333333333333,-0.05357142857142857,-0.030303030303030304,-0.015151515151515152,0.0,0.0,0.0,0.0,0.0,0.0,0.0,0.0,0.0,0.0,40.0,70.0,97.09302325581395,0.0,90.72463768115942,8.405797101449275,0.5797101449275363,344.0,343.0,99.70930232558139,0.0,99.4186046511628,180.0,5.0,177.00000000000003,270.0,290.0,312.5,325.0,0.763095238095238,1.1892361111111112,1.4722222222222223,1.6111111111111112,1.75,0.9166666666666666,1.0,1.0,1.0,1.0,0.9041666666666667,1.0,1.0,1.0,1.0,295.0,335.0,6.41399416909621,88.30409356725146,89.53488372093024,10.174418604651162,0.0,99.42028985507247,apdf,345.0,99.70972362655881,0.49854861813279405,EuroAirport Basel–Mulhouse–Freiburg,47.60068,7.521117,yes
59,LFML,450.0,449.0,99.77777777777777,0.0,98.88888888888889,660.0,660.0,10.0,20.0,35.0,55.0,65.0,-0.09848484848484848,-0.08333333333333333,-0.05303030303030303,-0.030303030303030304,-0.015151515151515152,0.0,0.0,0.0,0.0,0.0,0.0,0.0,0.0,0.0,0.0,40.0,65.0,95.99109131403118,0.0,94.66666666666667,4.222222222222222,0.8888888888888888,450.0,448.0,99.55555555555556,0.0,99.77777777777777,300.0,5.0,340.0,370.0,415.0,505.0,576.5,1.0950000000000002,1.2166666666666666,1.3833333333333333,1.6541666666666666,1.9,1.0,1.0,1.0,1.0,1.0,1.0,1.0,1.0,1.0,1.0,417.5,581.5,1.1160714285714286,94.86607142857143,93.11111111111111,5.111111111111111,1.3333333333333333,99.77777777777777,apdf,450.0,99.66666666666666,0.4983333333333333,Marseille Provence Airport,43.438088,5.2125,yes
60,EVRA,283.0,282.0,99.64664310954063,0.0,98.23321554770318,720.0,720.0,30.500000000000007,45.0,65.0,85.0,3444.5,-4.74,-0.16435185185185186,-0.09722222222222222,-0.06666666666666667,-0.044487179487179486,0.0,0.0,0.0,0.0,0.0,0.0,0.0,0.0,0.0,0.0,65.0,3444.5,100.0,0.0,72.43816254416961,26.85512367491166,0.35335689045936397,281.0,280.0,99.644128113879,0.0,93.23843416370107,240.0,5.0,-3225.0,235.0,270.0,290.0,305.0,-14.50125,0.6612103174603174,1.1458333333333333,1.5208333333333333,1.7208333333333334,0.717857142857143,1.0,1.0,1.0,1.0,0.6694444444444444,1.0,1.0,1.0,1.0,280.0,3224.9999999999995,18.928571428571427,79.38931297709924,77.93594306049822,21.352313167259787,0.35587188612099646,98.23321554770318,apdf,283.0,99.64538561170983,0.4982269280585491,Riga International Airport,56.920752,23.970711,yes
61,EDDM,1400.0,1395.0,99.64285714285714,0.0,99.78571428571429,750.0,600.0,-538.0,-310.0,15.0,45.0,65.0,-0.13541666666666666,-0.0625,-0.016666666666666666,0.375,0.5967948717948719,0.0,0.0,0.0,0.3888888888888889,0.5610294117647064,0.0,0.0,0.0,0.36666666666666664,0.5416666666666666,85.0,838.0000000000007,56.91756272401434,0.7885304659498208,86.92857142857143,12.428571428571429,0.2857142857142857,1397.0,1390.0,99.49892627057982,0.0,99.85683607730851,360.0,5.0,271.0000000000002,321.25,465.0,585.0,675.5000000000007,0.626851851851852,0.9861111111111112,1.3685515873015874,1.6398809523809523,1.939583333333333,0.8,1.0,1.0,1.0,1.0,0.785,1.0,1.0,1.0,1.0,495.0,760.0,5.827338129496403,80.61959654178675,89.19112383679312,10.021474588403722,0.2863278453829635,99.85683607730851,apdf,1400.0,99.57089170671847,0.49785445853359234,Munich Airport,48.353802,11.7861,yes
62,EGBB,476.0,473.0,99.36974789915966,0.0,99.78991596638656,778.0,750.0,-1.7999999999999972,4.0,9.0,424.0,984.0,-1.481013222735077,-0.48924122310305773,-0.0107095046854083,-0.0048134777376654635,0.002080390535229416,0.0,0.0,0.0,0.0,0.3793103448275862,0.0,0.0,0.0,0.0,0.3585121047643664,10.0,1197.2000000000005,88.58350951374207,0.0,67.43697478991596,30.672268907563026,1.2605042016806722,461.0,459.0,99.56616052060737,0.0,99.56616052060737,221.0,5.0,-1424.6,37.0,274.0,282.0,535.2,-7.061111111111111,0.1037463976945245,1.2445652173913044,1.7388535031847134,2.2703448275862073,0.6666666666666666,0.9090909090909091,1.0,1.0,1.0,0.6367262007976418,0.9364548494983278,0.9941520467836257,1.003787878787879,1.0125013076681662,281.0,1477.6,24.18300653594771,73.96061269146608,70.28199566160521,27.982646420824295,1.3015184381778742,99.78991596638656,apdf,476.0,99.46795420988352,0.4944313513356783,Birmingham Airport,52.453899,-1.74803,yes
63,EPWA,895.0,891.0,99.55307262569832,0.0,99.77653631284916,596.0,600.0,-23.0,-2.0,12.0,558.0,1812.0,-2.9690721649484537,-0.8287782936356582,-0.02023608768971332,0.0029358879501694855,0.04395604395604396,0.0,0.0,0.0,0.054804804804804805,0.125,0.0,0.0,0.0,0.016963540617536188,0.06361323155216285,18.0,1812.0,72.50280583613917,0.0,65.36312849162012,33.85474860335196,0.33519553072625696,892.0,888.0,99.55156950672645,0.0,100.0,254.5,5.0,-1715.8999999999999,-7.25,268.0,286.0,294.0,-6.943292421251395,-0.026392561255067865,0.9366071428571429,1.2615241597075078,1.5680639585133973,0.5625,0.8333333333333334,1.0,1.0,1.0,0.5468217850851439,0.8307920332610405,0.9891579009226068,1.0,1.009983945414409,285.0,1715.900000000001,25.45045045045045,64.97747747747748,66.14349775784753,33.18385650224215,0.2242152466367713,100.0,apdf,895.0,99.55232106621239,0.4923648246891403,Warsaw Chopin Airport,52.165699,20.9671,yes
64,LIML,497.0,492.0,98.99396378269617,0.0,100.0,840.0,840.0,10.0,25.0,40.0,55.0,65.0,-0.13095238095238096,-0.07518939393939394,-0.04606481481481481,-0.025,-0.01114942528735631,0.0,0.0,0.0,0.0,0.0,0.0,0.0,0.0,0.0,0.0,40.0,65.0,96.7479674796748,0.0,91.34808853118712,7.042253521126761,0.6036217303822937,486.0,476.0,97.94238683127573,0.0,100.0,300.0,5.0,202.5,300.0,335.0,365.0,427.5,0.6166666666666667,0.9958333333333333,1.25,1.6944444444444444,1.9797619047619048,0.7,1.0,1.0,1.0,1.0,0.6888888888888889,1.0,1.0,1.0,1.0,335.0,445.0,2.100840336134454,82.14285714285714,91.35802469135803,5.349794238683128,1.2345679012345678,100.0,apdf,497.0,98.46817530698596,0.49234087653492975,Milano Linate Airport,45.445099,9.27674,yes
65,LIRA,150.0,150.0,100.0,0.0,99.33333333333333,660.0,660.0,0.0,11.25,30.0,45.0,60.49999999999997,-0.14,-0.06944444444444445,-0.047619047619047616,-0.016666666666666666,0.0,0.0,0.0,0.0,0.0,0.03357142857142856,0.0,0.0,0.0,0.0,0.005595238095238093,30.0,60.49999999999997,90.66666666666667,0.0,88.66666666666667,11.333333333333334,0.0,149.0,149.0,100.0,0.0,99.32885906040269,360.0,12.5,295.0,315.0,335.0,355.0,370.0,0.5166666666666667,0.6924189814814814,0.9652777777777778,1.1875,1.360416666666667,0.55,0.7430555555555556,1.0,1.0,1.0,0.525,0.7025462962962963,0.9777777777777777,1.0,1.0,340.0,375.0,1.342281879194631,54.054054054054056,92.61744966442953,6.040268456375839,1.342281879194631,99.33333333333333,apdf,150.0,100.0,0.4888888888888889,Ciampino–G. B. Pastine International Airport,41.798769,12.595331,yes
66,LIPZ,442.0,439.0,99.32126696832579,0.0,100.0,660.0,660.0,-15.0,5.0,25.0,45.0,100.99999999999994,-0.1866666666666666,-0.06805555555555556,-0.034722222222222224,-0.00458829365079365,0.02606837606837604,0.0,0.0,0.0,0.0,0.0625,0.0,0.0,0.0,0.0,0.03787878787878788,30.0,522.9999999999998,78.35990888382688,2.050113895216401,85.06787330316742,13.800904977375566,0.45248868778280543,432.0,429.0,99.30555555555556,0.0,100.0,300.0,10.0,235.0,295.0,310.0,335.0,397.99999999999955,0.43299663299663305,0.7833333333333333,0.9666666666666667,1.1333333333333333,1.3791666666666664,0.5544444444444445,0.8333333333333334,1.0,1.0,1.0,0.54,0.8055555555555556,0.9833333333333333,1.0,1.0,315.0,541.0,3.4965034965034967,54.312354312354316,88.42592592592592,10.416666666666666,0.46296296296296297,100.0,apdf,442.0,99.31341126194067,0.48829093870454165,Venice Marco Polo Airport,45.505299,12.3519,yes
67,LJLJ,92.0,90.0,97.82608695652173,0.0,97.82608695652173,607.0,600.0,31.9,40.0,46.0,53.75,108.00000000000026,-0.21073741244879077,-0.10887356255268762,-0.07679759066382232,-0.05859787658916372,-0.04880372006115169,0.0,0.0,0.0,0.0,0.0,0.0,0.0,0.0,0.0,0.0,46.0,135.0,97.77777777777777,0.0,84.78260869565217,10.869565217391305,2.1739130434782608,92.0,90.0,97.82608695652173,0.0,98.91304347826086,204.0,5.0,29.80000000000003,247.0,267.5,274.75,282.3,0.12635351820411267,0.9818840579710145,1.264367816091954,1.4516129032258065,1.6503315029489527,0.6290909090909091,1.0,1.0,1.0,1.0,0.5897379793227941,0.9836065573770492,0.9951456310679611,1.0040983606557377,1.0104178150148826,269.5,332.5000000000002,10.0,84.26966292134831,82.6086956521739,14.130434782608695,1.0869565217391304,98.91304347826086,apdf,92.0,97.82608695652173,0.48675601519628525,Ljubljana Jože Pučnik Airport,46.223701,14.4576,yes
68,LROP,509.0,507.0,99.60707269155206,16.0,100.0,420.0,480.0,20.0,40.0,60.0,80.0,95.0,-0.3333333333333333,-0.20238095238095238,-0.125,-0.0763888888888889,-0.041666666666666664,0.0,0.0,0.0,0.0,0.0,0.0,0.0,0.0,0.0,0.0,60.0,100.0,97.63313609467455,0.0,87.62278978388998,11.787819253438114,0.19646365422396855,511.0,509.0,99.60861056751467,11.0,100.0,360.0,65.0,203.00000000000006,275.0,295.0,315.0,335.0,0.4861111111111111,0.6785714285714286,0.814484126984127,1.0,1.2708333333333333,0.5714285714285714,0.7142857142857143,0.8571428571428571,1.0,1.0,0.5714285714285714,0.7023809523809523,0.8333333333333334,1.0,1.0,300.0,340.0,4.715127701375246,33.333333333333336,89.23679060665361,10.176125244618396,0.19569471624266144,100.0,apdf,511.0,99.60784162953337,0.41503267345638906,Bucharest Henri Coandă International Airport,44.571792,26.103285,yes
69,LIMC,969.0,969.0,100.0,0.0,99.89680082559339,900.0,900.0,25.0,35.0,50.0,70.0,80.0,-0.1111111111111111,-0.08333333333333333,-0.05555555555555555,-0.03431372549019608,-0.021739130434782608,0.0,0.0,0.0,0.0,0.0,0.0,0.0,0.0,0.0,0.0,55.0,85.0,97.11042311661507,0.0,89.88648090815273,10.010319917440661,0.10319917440660474,969.0,966.0,99.69040247678019,0.0,100.0,360.0,65.0,215.0,260.0,285.0,315.0,365.0,0.3928030303030303,0.5753472222222222,0.8,1.0833333333333333,1.346875,0.45,0.625,0.8416666666666667,1.0,1.0,0.4384469696969697,0.5964285714285714,0.8204365079365079,1.0,1.0,290.0,417.5,3.9337474120082816,37.37060041407867,88.13209494324046,11.351909184726523,0.20639834881320948,100.0,apdf,969.0,99.8452012383901,0.40958324119121337,Milan Malpensa International Airport,45.6306,8.72811,yes
70,EKCH,1208.0,1202.0,99.50331125827815,0.0,99.66887417218543,683.0,690.0,28.0,31.0,35.0,42.75,47.90000000000009,-0.08611599297012303,-0.06606510743649223,-0.05150861623120048,-0.04123156451493367,-0.03213967587478998,0.0,0.0,0.0,0.0,0.0,0.0,0.0,0.0,0.0,0.0,35.0,48.0,99.00166389351081,0.08319467554076539,86.83774834437087,12.168874172185431,0.4966887417218543,1215.0,1205.0,99.17695473251028,0.0,99.91769547325103,317.0,63.0,118.4,256.0,262.0,265.0,269.0,0.31486534372785263,0.6461536356338337,0.7934588605358026,0.9386833493494013,1.0890688259109311,0.47443609022556393,0.6923076923076923,0.8181818181818182,0.9,1.0,0.4845243211164999,0.6778480111951803,0.8130161122550789,0.9532374100719424,1.0,262.0,270.0,6.721991701244813,25.664451827242527,86.66666666666667,12.016460905349794,0.49382716049382713,99.91769547325103,apdf,1215.0,99.34013299539421,0.40382564359408946,Copenhagen Kastrup Airport,55.617900848389,12.656000137329,yes
71,EDDG,62.0,62.0,100.0,0.0,100.0,322.0,330.0,9.0,11.25,14.0,19.75,58.49999999999998,-0.19499999999999998,-0.062055353114697204,-0.04114376140134948,-0.03197674418604651,-0.02267270570679727,0.0,0.0,0.0,0.0,0.0,0.0,0.0,0.0,0.0,0.0,14.5,58.49999999999998,96.7741935483871,0.0,96.7741935483871,3.225806451612903,0.0,62.0,62.0,100.0,0.0,100.0,342.0,75.0,64.70000000000005,252.5,277.0,283.0,287.9,0.08772543884143937,0.556588669950739,0.7562364106481754,0.9088016554642768,3.4540335051546385,0.42045454545454547,0.5950226244343891,0.8257575757575758,0.9090909090909091,1.0,0.41460832745236414,0.5987894716648122,0.7891318087123429,0.920195848677603,0.9989399293286219,279.0,293.9,8.064516129032258,22.580645161290324,88.70967741935483,9.67741935483871,1.6129032258064515,100.0,apdf,62.0,100.0,0.39456590435617145,Münster Osnabrück Airport,52.133816,7.688482,yes
72,ENZV,216.0,151.0,69.9074074074074,75.0,99.53703703703704,420.0,480.0,15.0,30.0,50.0,75.0,305.0,-0.6547619047619048,-0.16666666666666666,-0.08333333333333333,-0.052083333333333336,-0.030303030303030304,0.0,0.0,0.0,0.0,0.0,0.0,0.0,0.0,0.0,0.0,50.0,305.0,96.02649006622516,0.0,68.51851851851852,0.9259259259259259,0.46296296296296297,217.0,178.0,82.02764976958525,0.0,100.0,240.0,5.0,-188.0,180.0,260.0,280.0,315.0,-1.0916666666666666,0.6666666666666666,1.1458333333333333,1.4722222222222223,1.7125000000000001,0.0,0.7777777777777778,1.0,1.0,1.0,0.0,0.7148809523809524,1.0,1.0,1.0,265.0,330.0,19.10112359550562,62.92134831460674,78.3410138248848,2.304147465437788,1.3824884792626728,100.0,apdf,217.0,75.96752858849632,0.3798376429424816,"Stavanger Airport, Sola",58.876701,5.63778,yes
73,EGSS,903.0,902.0,99.88925802879291,0.0,100.0,720.0,720.0,20.0,30.0,45.0,65.0,673.9999999999998,-0.9041666666666667,-0.09962121212121212,-0.05952380952380952,-0.034813596491228074,-0.020833333333333332,0.0,0.0,0.0,0.0,0.0,0.0,0.0,0.0,0.0,0.0,45.0,675.0,99.88913525498891,0.11086474501108648,79.40199335548172,19.601328903654483,0.8859357696566998,893.0,890.0,99.66405375139978,0.0,99.88801791713325,420.0,110.0,-819.9999999999998,285.0,305.0,325.0,335.0,-1.709259259259259,0.5227272727272727,0.6979166666666666,0.8333333333333334,0.9666666666666667,0.5,0.625,0.7857142857142857,0.9166666666666666,1.0,0.4688131313131314,0.6145833333333334,0.75,0.8611111111111112,1.0,315.0,885.5000000000001,13.370786516853933,13.948256467941507,79.28331466965285,19.596864501679732,0.7838745800671892,100.0,apdf,903.0,99.77665589009635,0.3741624595878613,London Stansted Airport,51.884998,0.235,yes
74,EGLL,1878.0,1874.0,99.78700745473908,0.0,99.84025559105432,1320.0,1320.0,15.0,25.0,45.0,65.0,665.0,-0.49916666666666665,-0.05416666666666667,-0.03333333333333333,-0.0196078431372549,-0.010416666666666666,0.0,0.0,0.0,0.0,0.0,0.0,0.0,0.0,0.0,0.0,45.0,722.0000000000005,97.38527214514407,0.0,75.07987220447285,24.70713525026624,0.0,1903.0,1897.0,99.68470835522858,0.0,99.7372569626905,420.0,110.0,-1055.0,280.0,305.0,330.0,380.0,-2.21724537037037,0.4097222222222222,0.6875,0.9648809523809524,1.25,0.36666666666666664,0.5555555555555556,0.7857142857142857,1.0,1.0,0.3552923976608187,0.5370370370370371,0.75,0.9921875,1.0,320.0,1096.0000000000014,13.073273589878756,29.386892177589854,79.033105622701,20.65160273252759,0.0,99.84025559105432,apdf,1903.0,99.73585790498383,0.3740094671436893,London Heathrow Airport,51.470748,-0.459909,yes
75,LFPG,2005.0,2001.0,99.80049875311721,0.0,99.45137157107233,840.0,840.0,0.0,20.0,35.0,55.0,1565.0,-1.3115942028985508,-0.06666666666666667,-0.041666666666666664,-0.019230769230769232,0.0,0.0,0.0,0.0,0.0,0.038461538461538464,0.0,0.0,0.0,0.0,0.023148148148148147,40.0,1655.0,90.45477261369315,0.24987506246876562,81.79551122194513,17.855361596009974,0.14962593516209477,1918.0,1917.0,99.94786235662148,0.0,99.89572471324296,540.0,215.0,235.0,290.0,315.0,370.0,535.0,0.31666666666666665,0.4567589338019918,0.59375,0.7916666666666666,1.1333333333333333,0.36363636363636365,0.5,0.625,0.8333333333333334,1.0,0.35714285714285715,0.4791666666666667,0.6111111111111112,0.810064935064935,1.0,320.0,585.0,3.8601982263954095,16.240208877284594,88.63399374348279,11.209593326381647,0.10427528675703858,99.89572471324296,apdf,2005.0,99.87418055486935,0.3051711072509897,Charles de Gaulle International Airport,49.00896,2.554117,yes
76,LEMG,906.0,903.0,99.66887417218543,0.0,99.55849889624724,702.0,720.0,33.0,37.0,41.0,48.0,66.80000000000007,-0.1168041237113402,-0.07936148999373002,-0.059077809798270896,-0.04708962118878965,-0.039476979434699765,0.0,0.0,0.0,0.0,0.0,0.0,0.0,0.0,0.0,0.0,41.0,67.0,99.88925802879291,0.0,90.06622516556291,9.381898454746137,0.22075055187637968,908.0,908.0,100.0,0.0,99.11894273127754,247.0,102.5,101.0,133.0,147.0,164.0,207.0,0.23406704839164677,0.371843190310527,0.5773138661202186,0.8905066053080493,1.2296778323021123,0.2777777777777778,0.41544117647058826,0.625,0.8571428571428571,1.0,0.2642546309120641,0.3929830359109936,0.5942318281938326,0.9173002022320427,0.9842723675084656,148.0,213.30000000000007,6.387665198237886,22.77777777777778,89.31718061674009,10.462555066079295,0.22026431718061673,99.55849889624724,apdf,908.0,99.83443708609272,0.2966240003318552,Málaga-Costa del Sol Airport,36.6749,-4.49911,yes
77,LIRF,1476.0,1473.0,99.79674796747967,0.0,99.45799457994579,1080.0,1080.0,-10.0,0.0,20.0,35.0,45.0,-0.05303030303030303,-0.031746031746031744,-0.015625,0.0,0.007246376811594203,0.0,0.0,0.0,0.0,0.027777777777777776,0.0,0.0,0.0,0.0,0.007936507936507936,20.0,50.0,83.16361167684997,0.0,88.34688346883469,11.11111111111111,0.33875338753387535,1457.0,1453.0,99.7254632807138,0.0,99.51956074124915,600.0,250.0,295.0,315.0,330.0,350.0,365.0,0.31011351909184726,0.4362980769230769,0.5666666666666667,0.6963383838383839,0.878917378917379,0.3333333333333333,0.46153846153846156,0.6,0.75,0.9166666666666666,0.3198099415204678,0.44696969696969696,0.575,0.7083333333333334,0.8888888888888888,330.0,365.0,0.7570543702684102,8.367911479944675,92.10706932052162,7.27522306108442,0.34317089910775567,99.51956074124915,apdf,1476.0,99.76110562409673,0.2868131786692781,Rome–Fiumicino Leonardo da Vinci International Airport,41.804532,12.251998,yes
78,LEPA,1503.0,1496.0,99.53426480372588,0.0,97.93745841650033,777.0,780.0,21.0,61.0,119.0,171.0,214.5,-0.3732430395996316,-0.23338815789473685,-0.14419203421311738,-0.07366849721059972,-0.028346958739475247,0.0,0.0,0.0,0.0,0.0,0.0,0.0,0.0,0.0,0.0,119.0,215.0,99.79946524064171,0.06684491978609626,90.28609447771125,8.449767132401863,0.7984031936127745,1514.0,1508.0,99.60369881109644,0.0,99.40554821664465,253.0,125.0,-167.0,-56.0,180.0,329.0,602.0,-0.7162561576354679,-0.19592163134746102,0.6247464503042597,1.4535170711641299,2.7304363505228997,0.0,0.0,0.5555555555555556,1.0,1.0,0.0,0.0,0.5263157894736843,0.9803921568627451,0.993485342019544,238.0,642.5999999999999,30.17241379310345,30.820547031354238,90.75297225891677,8.45442536327609,0.3963011889035667,99.40554821664465,apdf,1514.0,99.56898180741115,0.2620236363352925,Palma de Mallorca Airport,39.551701,2.73881,yes
79,GCXO,348.0,341.0,97.98850574712644,0.0,99.71264367816092,486.5,510.0,12.0,50.0,107.0,134.0,4729.0,-7.057663125948407,-0.42857142857142855,-0.20754716981132076,-0.10062893081761007,-0.026785714285714284,0.0,0.0,0.0,0.0,0.0,0.0,0.0,0.0,0.0,0.0,107.0,4729.0,99.70674486803519,0.0,79.3103448275862,18.103448275862068,0.5747126436781609,346.0,299.0,86.41618497109826,0.0,98.26589595375722,167.0,70.0,-4310.4,-510.5,28.0,160.5,181.39999999999998,-20.29872863517723,-3.03125,0.1610738255033557,0.9695121951219512,1.5546139359698683,0.0,0.0,0.6,1.0,1.0,0.0,0.0,0.5639097744360902,0.9659090909090908,0.9909060003399626,180.0,4310.4,47.491638795986624,29.351535836177476,72.25433526011561,13.583815028901734,0.5780346820809249,99.71264367816092,apdf,348.0,92.20234535911234,0.25996901886967766,Tenerife Norte-Ciudad de La Laguna Airport,28.482752,-16.341707,yes
80,GCRR,283.0,240.0,84.80565371024736,0.0,98.58657243816255,513.0,540.0,33.0,47.0,257.0,3592.5,3887.2,-7.13854557973289,-5.068924753289474,-0.5178632919211883,-0.12780859689146384,-0.05535488655716091,0.0,0.0,0.0,0.0,0.0,0.0,0.0,0.0,0.0,0.0,257.0,3887.2,100.0,0.0,54.77031802120141,29.328621908127207,0.7067137809187279,292.0,257.0,88.01369863013699,0.0,100.0,139.0,65.0,-3821.4,-3572.0,-913.0,120.0,157.4,-25.931623931623932,-20.762820512820515,-5.3017751479289945,0.8317307692307693,1.3663299663299664,0.0,0.0,0.5,1.0,1.0,0.0,0.0,0.47413793103448276,0.9745762711864406,0.9931805782869613,952.0,3821.4,64.59143968871595,35.01945525291829,52.397260273972606,34.93150684931507,0.684931506849315,100.0,apdf,292.0,86.40967617019217,0.20485052540347282,César Manrique-Lanzarote Airport,28.945499,-13.6052,yes
81,LTFM,2132.0,2093.0,98.17073170731707,0.0,99.671669793621,900.0,900.0,75.0,95.0,120.0,160.0,285.0,-0.352051282051282,-0.2013888888888889,-0.1388888888888889,-0.10087719298245613,-0.078125,0.0,0.0,0.0,0.0,0.0,0.0,0.0,0.0,0.0,0.0,120.0,285.0,99.95222169135212,0.0,78.56472795497186,19.465290806754222,0.14071294559099437,2130.0,2075.0,97.41784037558685,0.0,99.81220657276995,720.0,530.0,-1265.0,200.0,225.0,245.0,265.0,-2.4912499999999995,0.17803030303030304,0.2708333333333333,0.38333333333333336,0.5233766233766235,0.15217391304347827,0.21428571428571427,0.3125,0.4444444444444444,0.5714285714285714,0.1434074074074074,0.20643547273982055,0.2986111111111111,0.4083333333333333,0.5476190476190477,235.0,1373.0000000000246,14.795180722891565,1.2530120481927711,77.98122065727699,19.342723004694836,0.09389671361502347,99.81220657276995,apdf,2132.0,97.79428604145195,0.14601230207577895,İstanbul Airport,41.274874,28.732136,yes
82,LEAL,648.0,647.0,99.84567901234568,0.0,96.14197530864197,711.0,720.0,23.0,27.0,34.0,49.0,76.0,-0.15254789875783822,-0.08720498910372329,-0.05180533751962323,-0.03529791305121702,-0.027210936792385565,0.0,0.0,0.0,0.0,0.0,0.0,0.0,0.0,0.0,0.0,34.0,76.0,100.0,0.0,89.6604938271605,10.030864197530864,0.15432098765432098,650.0,650.0,100.0,0.0,99.6923076923077,192.0,150.0,-256.0,-119.25,30.5,149.0,206.10000000000002,-1.3543312691294753,-0.6523008241758241,0.14738950633238562,0.7021752335469817,1.0837381448068486,0.0,0.0,0.2,0.75,1.0,0.0,0.0,0.17549261083743845,0.7136692518679656,0.9782608695652173,139.5,256.4000000000001,43.53846153846154,15.277777777777779,90.61538461538461,9.23076923076923,0.15384615384615385,99.6923076923077,apdf,650.0,99.92283950617283,0.08767859993614305,Alicante-Elche Miguel Hernández Airport,38.2822,-0.558156,yes
83,LICC,431.0,429.0,99.53596287703016,0.0,100.0,720.0,720.0,105.0,135.0,170.0,200.0,230.99999999999994,-0.4166666666666667,-0.3055555555555556,-0.22727272727272727,-0.17083333333333334,-0.125,0.0,0.0,0.0,0.0,0.0,0.0,0.0,0.0,0.0,0.0,170.0,230.99999999999994,99.76689976689977,0.0,91.64733178654292,7.65661252900232,0.23201856148491878,429.0,428.0,99.76689976689977,0.0,100.0,300.0,275.0,-246.5,-35.0,30.0,70.0,110.0,-1.005,-0.11249999999999999,0.078125,0.20833333333333334,0.36666666666666664,0.0,0.0,0.125,0.25,0.4166666666666667,0.0,0.0,0.1,0.23020833333333332,0.38333333333333336,65.0,291.0000000000002,39.48598130841121,0.4672897196261682,89.97668997668998,9.557109557109557,0.2331002331002331,100.0,apdf,431.0,99.65143132196496,0.049825715660982484,Catania-Fontanarossa Airport,37.466801,15.0664,yes
84,LEBB,249.0,248.0,99.59839357429719,0.0,99.59839357429718,544.0,570.0,246.7,276.75,330.0,385.25,425.1000000000001,-0.9402149574563368,-0.7483106959218653,-0.6094828939108601,-0.5,-0.4254081211692597,0.0,0.0,0.0,0.0,0.0,0.0,0.0,0.0,0.0,0.0,330.0,425.1000000000001,100.0,0.0,95.18072289156626,4.417670682730924,0.0,244.0,244.0,100.0,0.0,99.18032786885246,173.5,180.0,-604.8,-468.25,-370.5,-273.75,-212.2999999999998,-4.818110737866326,-2.982699554642001,-2.0600524205982116,-1.5459982380048793,-1.0133928571428568,0.0,0.0,0.0,0.0,0.0,0.0,0.0,0.0,0.0,0.0,370.5,604.8000000000001,99.59016393442623,0.0,93.85245901639344,5.737704918032787,0.4098360655737705,99.59839357429718,apdf,249.0,99.79919678714859,0.0,Bilbao Airport,43.301102,-2.91061,yes
85,LIRN,470.0,466.0,99.14893617021276,1.0,99.36170212765958,660.0,660.0,175.0,190.0,210.0,238.75,305.0,-0.6488095238095237,-0.4270833333333333,-0.3181818181818182,-0.24305555555555555,-0.19368686868686866,0.0,0.0,0.0,0.0,0.0,0.0,0.0,0.0,0.0,0.0,210.0,307.5,99.35622317596567,0.21505376344086022,89.7872340425532,9.148936170212766,0.2127659574468085,467.0,465.0,99.57173447537473,0.0,99.78586723768737,240.0,240.0,-545.0,-395.0,-275.0,-190.0,-145.0,-2.436111111111111,-1.801388888888889,-1.2222222222222223,-0.7305555555555555,-0.48854166666666665,0.0,0.0,0.0,0.0,0.0,0.0,0.0,0.0,0.0,0.0,275.0,548.0000000000001,98.27956989247312,0.21551724137931033,89.72162740899357,9.635974304068522,0.21413276231263384,99.78586723768737,apdf,470.0,99.36033532279374,0.0,Naples International Airport,40.886002,14.2908,yes
86,LDZA,206.0,202.0,98.05825242718447,0.0,97.0873786407767,600.0,600.0,90.0,115.0,140.0,195.0,250.0,-0.4767676767676768,-0.3211996336996337,-0.24016203703703703,-0.17424242424242425,-0.13710317460317462,0.0,0.0,0.0,0.0,0.0,0.0,0.0,0.0,0.0,0.0,140.0,250.0,99.00990099009901,0.0,86.89320388349515,9.70873786407767,1.4563106796116505,206.0,203.0,98.54368932038835,0.0,99.02912621359224,240.0,240.0,-285.0,-190.0,-95.0,102.5,159.00000000000006,-1.2777777777777777,-0.7708333333333334,-0.3888888888888889,0.3333333333333333,0.5166666666666667,0.0,0.0,0.0,0.35714285714285715,0.5833333333333334,0.0,0.0,0.0,0.34375,0.5333333333333333,140.0,285.0,69.95073891625616,0.0,91.74757281553399,5.339805825242719,1.4563106796116505,99.02912621359224,apdf,206.0,98.30097087378641,0.0,Zagreb Franjo Tuđman International Airport,45.742901,16.0688,yes
87,GCTS,294.0,273.0,92.85714285714286,0.0,99.65986394557824,642.0,660.0,212.4,359.0,640.0,774.0,4782.0,-7.553843410023185,-1.824207492795389,-0.9568245125348189,-0.5879017013232514,-0.3331456752313824,0.0,0.0,0.0,0.0,0.0,0.0,0.0,0.0,0.0,0.0,640.0,4782.0,100.0,0.0,66.66666666666667,26.19047619047619,0.0,305.0,289.0,94.75409836065573,0.0,96.39344262295081,238.0,240.0,-4840.8,-1045.0,-479.0,-313.0,-163.00000000000006,-19.57948717948718,-4.910650789713057,-2.072320665416459,-1.2319553583525267,-0.505344980484185,0.0,0.0,0.0,0.0,0.0,0.0,0.0,0.0,0.0,0.0,479.0,4840.799999999998,98.96193771626298,0.0,70.49180327868852,24.262295081967213,0.0,99.65986394557824,apdf,305.0,93.80562060889929,0.0,Tenerife Sur Airport,28.0445,-16.5725,yes
88,GCFV,213.0,178.0,83.5680751173709,0.0,99.06103286384976,577.0,660.0,54.0,71.0,859.0,3999.75,4259.9,-6.748769585582158,-5.7063492063492065,-1.2304832713754648,-0.1956521739130435,-0.08174750092558311,0.0,0.0,0.0,0.0,0.0,0.0,0.0,0.0,0.0,0.0,859.0,4259.9,100.0,0.0,49.29577464788732,33.80281690140845,0.4694835680751174,218.0,189.0,86.69724770642202,0.0,99.54128440366972,204.0,150.0,-4106.6,-3697.0,-868.0,88.0,128.0,-19.702313432835822,-16.24669603524229,-4.178571428571429,0.4939271255060729,0.8446969696969698,0.0,0.0,0.0,0.625,0.8,0.0,0.0,0.0,0.5882352941176471,0.8584421641791045,868.0,4106.6,66.66666666666667,5.8201058201058204,58.25688073394495,28.440366972477065,0.0,99.54128440366972,apdf,218.0,85.13266141189646,0.0,Fuerteventura Airport,28.4527,-13.8638,yes
89,GCLP,548.0,443.0,80.83941605839416,0.0,98.35766423357664,550.5,600.0,67.4,112.0,637.0,4439.0,4789.2,-8.902793054781242,-6.149732620320856,-1.0441595441595442,-0.2541873466506829,-0.12358317556512326,0.0,0.0,0.0,0.0,0.0,0.0,0.0,0.0,0.0,0.0,637.0,4789.2,100.0,0.0,50.0,30.291970802919707,0.5474452554744526,552.0,466.0,84.42028985507247,0.0,98.55072463768117,138.0,150.0,-4281.0,-1499.0,-786.5,-82.25,-13.5,-30.182608695652174,-13.378058478101297,-4.839135699689699,-0.6921985815602837,-0.09885141739980437,0.0,0.0,0.0,0.0,0.0,0.0,0.0,0.0,0.0,0.0,786.5,4281.0,92.91845493562232,0.8658008658008658,65.76086956521739,18.115942028985508,0.5434782608695652,98.55072463768117,apdf,552.0,82.62985295673332,0.0,Gran Canaria Airport,27.9319,-15.3866,yes
